Name,State,Phone Number,Location,Full Address,Opening hours
McDonald's,"Texas City, TX 77590",(409) 948-4512,https://www.google.com/maps?cid=8071226625105283502,"3545 Palmer Hwy, Texas City, TX 77590","Friday:[5AM-12AM], Saturday:[5AM-12AM], Sunday:[5AM-12AM], Monday:[5AM-12AM], Tuesday:[5AM-12AM], Wednesday:[5AM-12AM], Thursday:[5AM-12AM]"
McDonald's,"Bridge City, TX 77611",(409) 735-7503,https://www.google.com/maps?cid=2250042330649372276,"755 Texas Ave, Bridge City, TX 77611","Friday:[5AM-12AM], Saturday:[5AM-12AM], Sunday:[5AM-12AM], Monday:[5AM-12AM], Tuesday:[5AM-12AM], Wednesday:[5AM-12AM], Thursday:[5AM-12AM]"
McDonald's,"College Station, TX 77840",(979) 696-9346,https://www.google.com/maps?cid=9549161180730009603,"2420 Texas Ave, College Station, TX 77840","Friday:[Open 24 hours], Saturday:[Open 24 hours], Sunday:[Open 24 hours], Monday:[Open 24 hours], Tuesday:[Open 24 hours], Wednesday:[Open 24 hours], Thursday:[Open 24 hours]"
McDonald's,"Grapevine, TX 76051",(817) 329-3441,https://www.google.com/maps?cid=17467997965141990413,"101 TX-114, Grapevine, TX 76051","Friday:[Open 24 hours], Saturday:[Open 24 hours], Sunday:[Open 24 hours], Monday:[Open 24 hours], Tuesday:[Open 24 hours], Wednesday:[Open 24 hours], Thursday:[Open 24 hours]"
McDonald's,"Killeen, TX 76543",(254) 680-3111,https://www.google.com/maps?cid=14093747803182237671,"4300 E Central Texas Expy, Killeen, TX 76543","Friday:[Open 24 hours], Saturday:[Open 24 hours], Sunday:[Open 24 hours], Monday:[Open 24 hours], Tuesday:[Open 24 hours], Wednesday:[Open 24 hours], Thursday:[Open 24 hours]"
McDonald's,"Italy, TX 76651",(972) 483-1065,https://www.google.com/maps?cid=4749469782801757947,"100 Kinfolk Road, Italy, TX 76651","Friday:[Open 24 hours], Saturday:[Open 24 hours], Sunday:[Open 24 hours], Monday:[Open 24 hours], Tuesday:[Open 24 hours], Wednesday:[Open 24 hours], Thursday:[Open 24 hours]"
McDonald's,"Bryan, TX 77803",(979) 822-1548,https://www.google.com/maps?cid=7250743885465050564,"700 S Texas Ave, Bryan, TX 77803","Friday:[Open 24 hours], Saturday:[Open 24 hours], Sunday:[Open 24 hours], Monday:[Open 24 hours], Tuesday:[Open 24 hours], Wednesday:[Open 24 hours], Thursday:[Open 24 hours]"
McDonald's,"Center, TX 75935",(936) 591-0400,https://www.google.com/maps?cid=16765776921530735288,"812 Hurst St, Center, TX 75935","Friday:[Open 24 hours], Saturday:[Open 24 hours], Sunday:[Open 24 hours], Monday:[Open 24 hours], Tuesday:[Open 24 hours], Wednesday:[Open 24 hours], Thursday:[Open 24 hours]"
McDonald's,"Rhome, TX 76078",(817) 636-5600,https://www.google.com/maps?cid=5401234743777538995,"4800 TX-114, Rhome, TX 76078","Friday:[Open 24 hours], Saturday:[Open 24 hours], Sunday:[Open 24 hours], Monday:[Open 24 hours], Tuesday:[Open 24 hours], Wednesday:[Open 24 hours], Thursday:[Open 24 hours]"
McDonald's,"Houston, TX 77030",(713) 790-1482,https://www.google.com/maps?cid=9876761350336569571,"6621 Fannin St, Houston, TX 77030","Friday:[5AM-3AM], Saturday:[5AM-3AM], Sunday:[5AM-3AM], Monday:[5AM-3AM], Tuesday:[5AM-3AM], Wednesday:[5AM-3AM], Thursday:[5AM-3AM]"
McDonald's,"Brady, TX 76825",(325) 597-7211,https://www.google.com/maps?cid=6310497908388246895,"2106 S Bridge St, Brady, TX 76825","Thursday:[5AM-4AM], Friday:[5AM-4AM], Saturday:[5AM-4AM], Sunday:[5AM-4AM], Monday:[5AM-11PM], Tuesday:[5AM-4AM], Wednesday:[5AM-4AM]"
McDonald's,"College Station, TX 77845",(979) 690-2193,https://www.google.com/maps?cid=13272625512706670576,"4440 Texas 6 Frontage Rd, College Station, TX 77845","Friday:[5AM-12AM], Saturday:[5AM-12AM], Sunday:[5AM-11PM], Monday:[5AM-11PM], Tuesday:[5AM-11PM], Wednesday:[5AM-11PM], Thursday:[5AM-11PM]"
McDonald's,"Weslaco, TX 78596",(956) 968-6554,https://www.google.com/maps?cid=6618251682085548111,"1025 N Texas, Weslaco, TX 78596","Friday:[5AM-12AM], Saturday:[4AM-12AM], Sunday:[4AM-11PM], Monday:[5AM-11PM], Tuesday:[5AM-11PM], Wednesday:[5AM-11PM], Thursday:[5AM-11PM]"
McDonald's,"Winnie, TX 77665",(409) 296-9107,https://www.google.com/maps?cid=3278103601584777639,"45951 I-10, Winnie, TX 77665","Friday:[Open 24 hours], Saturday:[Open 24 hours], Sunday:[Open 24 hours], Monday:[Open 24 hours], Tuesday:[Open 24 hours], Wednesday:[Open 24 hours], Thursday:[Open 24 hours]"
McDonald's,"Mathis, TX 78368",(361) 547-7171,https://www.google.com/maps?cid=578897577762353999,"10539 TX-359, Mathis, TX 78368","Friday:[Open 24 hours], Saturday:[Open 24 hours], Sunday:[Open 24 hours], Monday:[Open 24 hours], Tuesday:[Open 24 hours], Wednesday:[Open 24 hours], Thursday:[Open 24 hours]"
McDonald's,"Junction, TX 76849",(325) 446-8005,https://www.google.com/maps?cid=13203050833480844024,"2416 N Main St, Junction, TX 76849","Friday:[6AM-11PM], Saturday:[6AM-11PM], Sunday:[6AM-11PM], Monday:[6AM-11PM], Tuesday:[6AM-11PM], Wednesday:[6AM-11PM], Thursday:[6AM-11PM]"
McDonald's,"Lewisville, TX 75067",(972) 315-2881,https://www.google.com/maps?cid=3328693584176167866,"2301 TX-121, Lewisville, TX 75067","Friday:[Open 24 hours], Saturday:[Open 24 hours], Sunday:[Open 24 hours], Monday:[Open 24 hours], Tuesday:[Open 24 hours], Wednesday:[Open 24 hours], Thursday:[Open 24 hours]"
McDonald's,"Lytle, TX 78052",(830) 709-2900,https://www.google.com/maps?cid=5496940358240955620,"14830 Lytle Somerset St, Lytle, TX 78052","Friday:[Open 24 hours], Saturday:[Open 24 hours], Sunday:[Open 24 hours], Monday:[Open 24 hours], Tuesday:[Open 24 hours], Wednesday:[Open 24 hours], Thursday:[Open 24 hours]"
McDonald's,"Lewisville, TX 75056",(214) 469-1585,https://www.google.com/maps?cid=413510766085226206,"4640 TX-121, Lewisville, TX 75056","Friday:[5AM-2AM], Saturday:[5AM-2AM], Sunday:[5AM-2AM], Monday:[5AM-2AM], Tuesday:[5AM-2AM], Wednesday:[5AM-2AM], Thursday:[5AM-2AM]"
McDonald's,"White Oak, TX 75693",(903) 295-2944,https://www.google.com/maps?cid=2895467044441672846,"609 E U.S. Hwy 80, White Oak, TX 75693","Friday:[4:30AM-1AM], Saturday:[4:30AM-1AM], Sunday:[5:30AM-11:30PM], Monday:[4:30AM-1AM], Tuesday:[4:30AM-1AM], Wednesday:[4:30AM-1AM], Thursday:[4:30AM-1AM]"
McDonald's,"Terrell, TX 75160",(972) 563-3664,https://www.google.com/maps?cid=15534047256761156991,"1704 TX-34 S, Terrell, TX 75160","Friday:[Open 24 hours], Saturday:[Open 24 hours], Sunday:[Open 24 hours], Monday:[Open 24 hours], Tuesday:[Open 24 hours], Wednesday:[Open 24 hours], Thursday:[Open 24 hours]"
McDonald's,"Canyon, TX 79015",(806) 655-9502,https://www.google.com/maps?cid=7401408633007881406,"200 23rd St, Canyon, TX 79015","Friday:[5AM-1AM], Saturday:[5AM-1AM], Sunday:[5AM-11PM], Monday:[5AM-11PM], Tuesday:[5AM-11PM], Wednesday:[5AM-11PM], Thursday:[5AM-11PM]"
McDonald's,"Whitehouse, TX 75791",(903) 839-1123,https://www.google.com/maps?cid=17772578700751231453,"603 Hwy 110 S, Whitehouse, TX 75791","Friday:[5AM-10PM], Saturday:[5AM-10PM], Sunday:[6AM-10PM], Monday:[5AM-10PM], Tuesday:[5AM-10PM], Wednesday:[5AM-10PM], Thursday:[5AM-10PM]"
McDonald's,"Orange, TX 77630",(409) 745-4228,https://www.google.com/maps?cid=6552454346074141720,"2311 TX-62 N, Orange, TX 77630","Friday:[5AM-12AM], Saturday:[5AM-12AM], Sunday:[5AM-12AM], Monday:[5AM-12AM], Tuesday:[5AM-12AM], Wednesday:[5AM-12AM], Thursday:[5AM-12AM]"
McDonald's,"Bulverde, TX 78070",(830) 980-8080,https://www.google.com/maps?cid=13617434265106867826,"20615 TX-46, Bulverde, TX 78070","Friday:[6AM-12AM], Saturday:[6AM-12AM], Sunday:[6AM-11PM], Monday:[6AM-11PM], Tuesday:[6AM-11PM], Wednesday:[6AM-11PM], Thursday:[6AM-11PM]"
McDonald's,"Plano, TX 75024",(972) 668-4040,https://www.google.com/maps?cid=375425350477159777,"5004 State Hwy 121, Plano, TX 75024","Friday:[5AM-2AM], Saturday:[5AM-2AM], Sunday:[5AM-2AM], Monday:[5AM-2AM], Tuesday:[5AM-2AM], Wednesday:[5AM-2AM], Thursday:[5AM-2AM]"
McDonald's,"Dallas, TX 75240",(972) 661-9004,https://www.google.com/maps?cid=14726532965122731420,"13350 Dallas Pkwy, Dallas, TX 75240","Friday:[8AM-9PM], Saturday:[8AM-9PM], Sunday:[7AM-5PM], Monday:[10AM-8PM], Tuesday:[7AM-9PM], Wednesday:[7AM-9PM], Thursday:[7AM-9PM]"
McDonald's,"La Marque, TX 77568",(409) 935-0212,https://www.google.com/maps?cid=16368389038538952566,"2300 Gulf Fwy, La Marque, TX 77568","Friday:[4AM-12AM], Saturday:[4AM-12AM], Sunday:[4AM-11PM], Monday:[4AM-11PM], Tuesday:[4AM-11PM], Wednesday:[4AM-11PM], Thursday:[4AM-11PM]"
McDonald's,"Willow Park, TX 76008",(817) 441-7454,https://www.google.com/maps?cid=386535034407006270,"5090 I-H 20 East Service Road, Willow Park, TX 76008","Friday:[5AM-11PM], Saturday:[5AM-11PM], Sunday:[6AM-11PM], Monday:[5AM-11PM], Tuesday:[5AM-11PM], Wednesday:[5AM-11PM], Thursday:[5AM-11PM]"
McDonald's,"Roanoke, TX 76262",(817) 491-3502,https://www.google.com/maps?cid=13476665429190509530,"1100 N US Hwy 377, Roanoke, TX 76262","Friday:[6AM-11PM], Saturday:[5AM-11PM], Sunday:[5AM-11PM], Monday:[5AM-11PM], Tuesday:[5AM-11PM], Wednesday:[5AM-11PM], Thursday:[5AM-11PM]"
McDonald's,"Anthony, TX 79821",(915) 886-3419,https://www.google.com/maps?cid=18031338931844324317,"3000 Mountain Pass Blvd, Anthony, TX 79821","Friday:[5AM-12AM], Saturday:[5AM-12AM], Sunday:[5AM-11PM], Monday:[5AM-11PM], Tuesday:[5AM-11PM], Wednesday:[5AM-11PM], Thursday:[5AM-11PM]"
McDonald's,"Sanger, TX 76266",(940) 458-6601,https://www.google.com/maps?cid=16935476313921767203,"601 N Stemmons St, Sanger, TX 76266","Friday:[5AM-12AM], Saturday:[5AM-12AM], Sunday:[5:45AM-11PM], Monday:[5AM-11PM], Tuesday:[5AM-11PM], Wednesday:[5AM-11PM], Thursday:[5AM-11PM]"
McDonald's,"Anthony, TX 79821",(915) 886-2056,https://www.google.com/maps?cid=5490451719610171268,"101 S Main St, Anthony, TX 79821","Friday:[5AM-12AM], Saturday:[5AM-12AM], Sunday:[5AM-11PM], Monday:[5AM-11PM], Tuesday:[5AM-11PM], Wednesday:[5AM-11PM], Thursday:[5AM-11PM]"
McDonald's,"Conroe, TX 77385",(936) 321-5522,https://www.google.com/maps?cid=2127931825644379451,"8001 TX-242, Conroe, TX 77385","Friday:[Open 24 hours], Saturday:[Open 24 hours], Sunday:[Open 24 hours], Monday:[Open 24 hours], Tuesday:[Open 24 hours], Wednesday:[Open 24 hours], Thursday:[Open 24 hours]"
McDonald's,"Commerce, TX 75428",(903) 886-7771,https://www.google.com/maps?cid=4291262783607231960,"2102 Live Oak St, Commerce, TX 75428","Friday:[Open 24 hours], Saturday:[Open 24 hours], Sunday:[Open 24 hours], Monday:[Open 24 hours], Tuesday:[Open 24 hours], Wednesday:[Open 24 hours], Thursday:[Open 24 hours]"
McDonald's,"Richland Hills, TX 76118",(817) 284-3999,https://www.google.com/maps?cid=10600543268935266820,"7305 Airport Fwy, Richland Hills, TX 76118","Friday:[4AM-12AM], Saturday:[4AM-12AM], Sunday:[4AM-11PM], Monday:[4AM-11PM], Tuesday:[4AM-11PM], Wednesday:[4AM-11PM], Thursday:[4AM-11PM]"
McDonald's,"Bee Cave, TX 78738",(512) 263-8083,https://www.google.com/maps?cid=2840838915910864634,"12514 State Hwy 71, Bee Cave, TX 78738","Friday:[5AM-12AM], Saturday:[5AM-11PM], Sunday:[5AM-11PM], Monday:[5AM-11PM], Tuesday:[5AM-11PM], Wednesday:[5AM-11PM], Thursday:[5AM-12AM]"
McDonald's,"Dallas, TX 75202",(469) 227-8533,https://www.google.com/maps?cid=8263353877836084355,"1000 Commerce St, Dallas, TX 75202","Friday:[Open 24 hours], Saturday:[Open 24 hours], Sunday:[Open 24 hours], Monday:[Open 24 hours], Tuesday:[Open 24 hours], Wednesday:[Open 24 hours], Thursday:[Open 24 hours]"
McDonald's,"Montgomery, TX 77356",(936) 588-1303,https://www.google.com/maps?cid=10077771678118319495,"15476 TX-105, Montgomery, TX 77356","Friday:[5AM-12AM], Saturday:[5AM-12AM], Sunday:[6AM-11PM], Monday:[5AM-11PM], Tuesday:[5AM-11PM], Wednesday:[5AM-11PM], Thursday:[5AM-11PM]"
McDonald's,"San Antonio, TX 78251",(210) 647-4445,https://www.google.com/maps?cid=4879412558466461016,"8819 TX-151, San Antonio, TX 78251","Friday:[Open 24 hours], Saturday:[Open 24 hours], Sunday:[Open 24 hours], Monday:[Open 24 hours], Tuesday:[Open 24 hours], Wednesday:[Open 24 hours], Thursday:[Open 24 hours]"
McDonald's,"San Antonio, TX 78251",(210) 647-4445,https://www.google.com/maps?cid=4879412558466461016,"8819 TX-151, San Antonio, TX 78251","Friday:[Open 24 hours], Saturday:[Open 24 hours], Sunday:[Open 24 hours], Monday:[Open 24 hours], Tuesday:[Open 24 hours], Wednesday:[Open 24 hours], Thursday:[Open 24 hours]"
McDonald's,"San Marcos, TX 78666",(512) 353-5110,https://www.google.com/maps?cid=12035319292960877780,"1001 TX-123, San Marcos, TX 78666","Friday:[Open 24 hours], Saturday:[Open 24 hours], Sunday:[Open 24 hours], Monday:[Open 24 hours], Tuesday:[Open 24 hours], Wednesday:[Open 24 hours], Thursday:[Open 24 hours]"
McDonald's,"Mineola, TX 75773",(903) 569-3252,https://www.google.com/maps?cid=15595631679843039260,"1202 N Pacific St, Mineola, TX 75773","Friday:[5AM-12AM], Saturday:[5AM-12AM], Sunday:[6AM-11PM], Monday:[5AM-11PM], Tuesday:[5AM-11PM], Wednesday:[5AM-11PM], Thursday:[5AM-11PM]"
McDonald's,"New Braunfels, TX 78130",(830) 620-7747,https://www.google.com/maps?cid=16490735851486196599,"4142 TX-337 Loop, New Braunfels, TX 78130","Friday:[Open 24 hours], Saturday:[Open 24 hours], Sunday:[Open 24 hours], Monday:[Open 24 hours], Tuesday:[Open 24 hours], Wednesday:[Open 24 hours], Thursday:[Open 24 hours]"
McDonald's,"Gladewater, TX 75647",(903) 845-9910,https://www.google.com/maps?cid=6893952298975633648,"1100 E Broadway Ave, Gladewater, TX 75647","Friday:[6AM-11PM], Saturday:[6AM-11PM], Sunday:[6AM-11PM], Monday:[6AM-11PM], Tuesday:[6AM-11PM], Wednesday:[6AM-11PM], Thursday:[6AM-11PM]"
McDonald's,"McKinney, TX 75069",(972) 542-2139,https://www.google.com/maps?cid=11510569355527042480,"240 W Eldorado Pkwy, McKinney, TX 75069","Friday:[4AM-12AM], Saturday:[4AM-12AM], Sunday:[4AM-12AM], Monday:[4AM-12AM], Tuesday:[4AM-12AM], Wednesday:[4AM-12AM], Thursday:[4AM-12AM]"
McDonald's,"Midland, TX 79707",(432) 699-0768,https://www.google.com/maps?cid=3284080935485204018,"3310 W Loop 250 N, Midland, TX 79707","Friday:[Open 24 hours], Saturday:[Open 24 hours], Sunday:[Open 24 hours], Monday:[Open 24 hours], Tuesday:[Open 24 hours], Wednesday:[Open 24 hours], Thursday:[Open 24 hours]"
McDonald's,"Tomball, TX 77375",(281) 430-3033,https://www.google.com/maps?cid=15854834011010919865,"24421 TX-249, Tomball, TX 77375","Friday:[Open 24 hours], Saturday:[Open 24 hours], Sunday:[Open 24 hours], Monday:[Open 24 hours], Tuesday:[Open 24 hours], Wednesday:[Open 24 hours], Thursday:[Open 24 hours]"
McDonald's,"Post, TX 79356",(806) 495-0495,https://www.google.com/maps?cid=19523341087479284,"102 N Broadway St, Post, TX 79356","Friday:[4AM-12AM], Saturday:[4AM-12AM], Sunday:[4AM-11PM], Monday:[4AM-11PM], Tuesday:[4AM-11PM], Wednesday:[4AM-11PM], Thursday:[4AM-11PM]"
McDonald's,"Manor, TX 78653",(512) 272-4300,https://www.google.com/maps?cid=10411854166798254723,"12609 Lexington St, Manor, TX 78653","Friday:[Open 24 hours], Saturday:[Open 24 hours], Sunday:[Open 24 hours], Monday:[Open 24 hours], Tuesday:[Open 24 hours], Wednesday:[Open 24 hours], Thursday:[Open 24 hours]"
McDonald's,"Greenville, TX 75401",(903) 454-6141,https://www.google.com/maps?cid=12640307571746667813,"4705 Moulton St, Greenville, TX 75401","Friday:[Open 24 hours], Saturday:[Open 24 hours], Sunday:[Open 24 hours], Monday:[Open 24 hours], Tuesday:[Open 24 hours], Wednesday:[Open 24 hours], Thursday:[Open 24 hours]"
McDonald's,"Orange, TX 77630",(409) 886-0646,https://www.google.com/maps?cid=18012326775616971774,"1710 N 16th St, Orange, TX 77630","Friday:[5AM-11PM], Saturday:[5AM-11PM], Sunday:[5AM-11PM], Monday:[5AM-11PM], Tuesday:[5AM-11PM], Wednesday:[5AM-11PM], Thursday:[5AM-11PM]"
McDonald's,"Graham, TX 76450",(940) 549-5117,https://www.google.com/maps?cid=14348754027860766289,"1701 TX-16 S, Graham, TX 76450","Friday:[5AM-1AM], Saturday:[5AM-1AM], Sunday:[5AM-12AM], Monday:[5AM-12AM], Tuesday:[5AM-12AM], Wednesday:[5AM-12AM], Thursday:[5AM-12AM]"
McDonald's,"Lamesa, TX 79331",(806) 872-6541,https://www.google.com/maps?cid=13346560957848936298,"505 N Dallas Ave, Lamesa, TX 79331","Friday:[Open 24 hours], Saturday:[Open 24 hours], Sunday:[4AM-12AM], Monday:[4AM-12AM], Tuesday:[4AM-12AM], Wednesday:[4AM-12AM], Thursday:[4AM-12AM]"
McDonald's,"Cedar Park, TX 78613",(512) 259-5770,https://www.google.com/maps?cid=8823103236837404778,"1103 N Bell Blvd, Cedar Park, TX 78613","Friday:[Open 24 hours], Saturday:[Open 24 hours], Sunday:[Open 24 hours], Monday:[Open 24 hours], Tuesday:[Open 24 hours], Wednesday:[Open 24 hours], Thursday:[Open 24 hours]"
McDonald's,"Burnet, TX 78611",(512) 715-0066,https://www.google.com/maps?cid=16291814346973125974,"200 N Water St, Burnet, TX 78611","Friday:[6AM-11PM], Saturday:[6AM-11PM], Sunday:[7AM-11PM], Monday:[6AM-11PM], Tuesday:[6AM-11PM], Wednesday:[6AM-11PM], Thursday:[6AM-11PM]"
McDonald's,"Whitney, TX 76692",(254) 694-1114,https://www.google.com/maps?cid=2389438447587162825,"1317 N Brazos St, Whitney, TX 76692","Friday:[6AM-11PM], Saturday:[6AM-11PM], Sunday:[6AM-10PM], Monday:[6AM-10PM], Tuesday:[6AM-10PM], Wednesday:[6AM-10PM], Thursday:[6AM-10PM]"
McDonald's,"San Antonio, TX 78254",,https://www.google.com/maps?cid=8772827061686578361,"8107 TX-1604 Loop, San Antonio, TX 78254","Friday:[Open 24 hours], Saturday:[Open 24 hours], Sunday:[Open 24 hours], Monday:[Open 24 hours], Tuesday:[Open 24 hours], Wednesday:[Open 24 hours], Thursday:[Open 24 hours]"
McDonald's,"Fort Worth, TX 76133",(817) 292-5620,https://www.google.com/maps?cid=3692644082476944758,"3500 Altamesa Blvd, Fort Worth, TX 76133","Friday:[4:30AM-12AM], Saturday:[Open 24 hours], Sunday:[4AM-12AM], Monday:[4:30AM-12AM], Tuesday:[4:30AM-12AM], Wednesday:[4:30AM-12AM], Thursday:[4:30AM-12AM]"
McDonald's,"Southlake, TX 76092",(817) 329-8959,https://www.google.com/maps?cid=13743743196261237825,"225 Kimball Pk, Southlake, TX 76092","Friday:[5AM-12AM], Saturday:[Open 24 hours], Sunday:[4AM-12AM], Monday:[5AM-12AM], Tuesday:[5AM-12AM], Wednesday:[5AM-12AM], Thursday:[5AM-12AM]"
McDonald's,"Decatur, TX 76234",(940) 627-5950,https://www.google.com/maps?cid=2505898735693115978,"908 Hwy 380, Decatur, TX 76234","Friday:[5AM-12AM], Saturday:[5AM-12AM], Sunday:[5AM-11PM], Monday:[5AM-11PM], Tuesday:[5AM-11PM], Wednesday:[5AM-11PM], Thursday:[5AM-11PM]"
McDonald's,"Fort Worth, TX 76119",(817) 413-0059,https://www.google.com/maps?cid=9797049674739783586,"3000 E Berry St, Fort Worth, TX 76119","Friday:[5AM-12AM], Saturday:[Open 24 hours], Sunday:[4AM-1AM], Monday:[5AM-1AM], Tuesday:[5AM-1AM], Wednesday:[5AM-1AM], Thursday:[5AM-1AM]"
McDonald's,"Bastrop, TX 78602",(512) 321-1591,https://www.google.com/maps?cid=1640714797515594584,"496 State Hwy 71 W, Bastrop, TX 78602","Friday:[Open 24 hours], Saturday:[Open 24 hours], Sunday:[Open 24 hours], Monday:[Open 24 hours], Tuesday:[Open 24 hours], Wednesday:[Open 24 hours], Thursday:[Open 24 hours]"
McDonald's,"Fort Worth, TX 76052",(817) 439-8023,https://www.google.com/maps?cid=3333932178535326317,"13124 US-287, Fort Worth, TX 76052","Friday:[5AM-12AM], Saturday:[5AM-12AM], Sunday:[5AM-12AM], Monday:[5AM-12AM], Tuesday:[5AM-12AM], Wednesday:[5AM-12AM], Thursday:[5AM-12AM]"
McDonald's,"Grand Prairie, TX 75051",(972) 237-9654,https://www.google.com/maps?cid=11439457113868483381,"102 W Hwy 303, Grand Prairie, TX 75051","Friday:[Open 24 hours], Saturday:[Open 24 hours], Sunday:[Open 24 hours], Monday:[Open 24 hours], Tuesday:[Open 24 hours], Wednesday:[Open 24 hours], Thursday:[Open 24 hours]"
McDonald's,"Lacy Lakeview, TX 76705",(254) 867-0404,https://www.google.com/maps?cid=12391767148974723157,"4503 I-35, Lacy Lakeview, TX 76705","Friday:[5AM-11PM], Saturday:[5AM-11PM], Sunday:[5AM-11PM], Monday:[5AM-11PM], Tuesday:[5AM-11PM], Wednesday:[5AM-11PM], Thursday:[5AM-11PM]"
McDonald's,"Royse City, TX 75189",(972) 635-6880,https://www.google.com/maps?cid=12090054932225332209,"200 I-30 Frontage Rd, Royse City, TX 75189","Friday:[4:30AM-1AM], Saturday:[5:30AM-1AM], Sunday:[5:30AM-1AM], Monday:[4:30AM-1AM], Tuesday:[4:30AM-1AM], Wednesday:[4:30AM-1AM], Thursday:[4:30AM-1AM]"
McDonald's,"Bedford, TX 76021",(817) 399-0097,https://www.google.com/maps?cid=11629412427437106153,"3350 Harwood Rd, Bedford, TX 76021","Friday:[Open 24 hours], Saturday:[Open 24 hours], Sunday:[Open 24 hours], Monday:[Open 24 hours], Tuesday:[Open 24 hours], Wednesday:[Open 24 hours], Thursday:[Open 24 hours]"
McDonald's,"Allen, TX 75002",(972) 727-2701,https://www.google.com/maps?cid=3184598461857161322,"104 Central Expy S, Allen, TX 75002","Friday:[Open 24 hours], Saturday:[Open 24 hours], Sunday:[Open 24 hours], Monday:[Open 24 hours], Tuesday:[Open 24 hours], Wednesday:[Open 24 hours], Thursday:[Open 24 hours]"
McDonald's,"Seminole, TX 79360",(432) 758-2992,https://www.google.com/maps?cid=15377267440662076351,"1001 Hobbs Hwy, Seminole, TX 79360","Friday:[4AM-12AM], Saturday:[4AM-12AM], Sunday:[4AM-11PM], Monday:[4AM-11PM], Tuesday:[4AM-11PM], Wednesday:[4AM-11PM], Thursday:[4AM-11PM]"
McDonald's,"Sherman, TX 75090",(903) 893-5927,https://www.google.com/maps?cid=12892634366907097373,"2217 Texoma Pkwy N, Sherman, TX 75090","Friday:[Open 24 hours], Saturday:[Open 24 hours], Sunday:[Open 24 hours], Monday:[Open 24 hours], Tuesday:[Open 24 hours], Wednesday:[Open 24 hours], Thursday:[Open 24 hours]"
McDonald's,"Gilmer, TX 75644",(903) 843-5276,https://www.google.com/maps?cid=2503899733183100394,"1700 N Wood St, Gilmer, TX 75644","Friday:[5AM-12AM], Saturday:[5AM-12AM], Sunday:[6AM-12AM], Monday:[5AM-12AM], Tuesday:[5AM-12AM], Wednesday:[5AM-12AM], Thursday:[5AM-12AM]"
McDonald's,"Buffalo, TX 75831",(903) 322-1010,https://www.google.com/maps?cid=8554399321339305997,"441 S Craigs Drive, Buffalo, TX 75831","Friday:[Open 24 hours], Saturday:[Open 24 hours], Sunday:[Open 24 hours], Monday:[Open 24 hours], Tuesday:[Open 24 hours], Wednesday:[Open 24 hours], Thursday:[Open 24 hours]"
McDonald's,"Lake Jackson, TX 77566",(979) 299-3008,https://www.google.com/maps?cid=1107812690151112160,"118 TX-332 W, Lake Jackson, TX 77566","Friday:[5AM-12AM], Saturday:[5AM-12AM], Sunday:[5AM-12AM], Monday:[5AM-12AM], Tuesday:[5AM-12AM], Wednesday:[5AM-12AM], Thursday:[5AM-12AM]"
McDonald's,"Hearne, TX 77859",(979) 279-9877,https://www.google.com/maps?cid=17614786300529616949,"1425 N Market St, Hearne, TX 77859","Friday:[Open 24 hours], Saturday:[Open 24 hours], Sunday:[Open 24 hours], Monday:[Open 24 hours], Tuesday:[Open 24 hours], Wednesday:[Open 24 hours], Thursday:[Open 24 hours]"
McDonald's,"Santa Fe, TX 77510",(409) 925-1974,https://www.google.com/maps?cid=8281985152244767648,"12400 Hwy 6, Santa Fe, TX 77510","Friday:[5AM-12AM], Saturday:[5AM-12AM], Sunday:[5AM-11PM], Monday:[5AM-11PM], Tuesday:[5AM-11PM], Wednesday:[5AM-11PM], Thursday:[5AM-11PM]"
McDonald's,"Dallas, TX 75232",(214) 372-5981,https://www.google.com/maps?cid=1503088553772390734,"125 W Camp Wisdom Rd, Dallas, TX 75232","Friday:[Open 24 hours], Saturday:[Open 24 hours], Sunday:[Open 24 hours], Monday:[Open 24 hours], Tuesday:[Open 24 hours], Wednesday:[Open 24 hours], Thursday:[Open 24 hours]"
McDonald's,"Arlington, TX 76010",(817) 274-2755,https://www.google.com/maps?cid=18371304700495234521,"2575 E Arkansas Ln, Arlington, TX 76010","Friday:[Open 24 hours], Saturday:[Open 24 hours], Sunday:[Open 24 hours], Monday:[Open 24 hours], Tuesday:[Open 24 hours], Wednesday:[Open 24 hours], Thursday:[Open 24 hours]"
McDonald's,"Cedar Creek, TX 78612",(512) 247-9993,https://www.google.com/maps?cid=7486958583892311500,"2850 E Hwy 71 West, Cedar Creek, TX 78612","Friday:[Open 24 hours], Saturday:[Open 24 hours], Sunday:[Open 24 hours], Monday:[Open 24 hours], Tuesday:[Open 24 hours], Wednesday:[Open 24 hours], Thursday:[Open 24 hours]"
McDonald's,"Grand Prairie, TX 75052",(972) 641-7323,https://www.google.com/maps?cid=7257417367800783279,"3902 S Great SW Pkwy, Grand Prairie, TX 75052","Friday:[Open 24 hours], Saturday:[Open 24 hours], Sunday:[Open 24 hours], Monday:[Open 24 hours], Tuesday:[Open 24 hours], Wednesday:[Open 24 hours], Thursday:[Open 24 hours]"
McDonald's,"Comfort, TX 78013",(830) 995-5621,https://www.google.com/maps?cid=12512418367327391615,"43 US Hwy 87, Comfort, TX 78013","Friday:[Open 24 hours], Saturday:[Open 24 hours], Sunday:[Open 24 hours], Monday:[Open 24 hours], Tuesday:[Open 24 hours], Wednesday:[Open 24 hours], Thursday:[Open 24 hours]"
McDonald's,"Wills Point, TX 75169",(903) 873-2564,https://www.google.com/maps?cid=5784227766835526505,"136 E South Commerce St, Wills Point, TX 75169","Friday:[5AM-12AM], Saturday:[5AM-12AM], Sunday:[6AM-11PM], Monday:[5AM-11PM], Tuesday:[5AM-11PM], Wednesday:[5AM-11PM], Thursday:[5AM-11PM]"
McDonald's,"Hurst, TX 76053",(817) 284-4572,https://www.google.com/maps?cid=15087375089509068474,"1401 W Pipeline Rd, Hurst, TX 76053","Friday:[Open 24 hours], Saturday:[Open 24 hours], Sunday:[Open 24 hours], Monday:[Open 24 hours], Tuesday:[Open 24 hours], Wednesday:[Open 24 hours], Thursday:[Open 24 hours]"
McDonald's,"Snyder, TX 79549",(325) 574-2100,https://www.google.com/maps?cid=5035734153550260246,"3414 College Ave, Snyder, TX 79549","Friday:[5AM-12AM], Saturday:[5AM-12AM], Sunday:[5AM-11PM], Monday:[5AM-11PM], Tuesday:[5AM-11PM], Wednesday:[5AM-11PM], Thursday:[5AM-11PM]"
McDonald's,"New Braunfels, TX 78132",(830) 620-1112,https://www.google.com/maps?cid=17160838574269450492,"1761 TX-46 W, New Braunfels, TX 78132","Friday:[6AM-12AM], Saturday:[6AM-12AM], Sunday:[6AM-11PM], Monday:[6AM-11PM], Tuesday:[6AM-11PM], Wednesday:[6AM-11PM], Thursday:[6AM-11PM]"
McDonald's,"Bridgeport, TX 76426",(940) 683-0165,https://www.google.com/maps?cid=16228132514890863975,"501 US Hwy 380, Bridgeport, TX 76426","Friday:[4AM-1AM], Saturday:[4AM-1AM], Sunday:[4AM-12AM], Monday:[4AM-12AM], Tuesday:[4AM-12AM], Wednesday:[4AM-12AM], Thursday:[4AM-12AM]"
McDonald's,"Alpine, TX 79830",(432) 837-3640,https://www.google.com/maps?cid=2226096929596871615,"900 E Ave East, Alpine, TX 79830","Friday:[6AM-1AM], Saturday:[6AM-1AM], Sunday:[6AM-1AM], Monday:[6AM-1AM], Tuesday:[6AM-1AM], Wednesday:[6AM-1AM], Thursday:[6AM-1AM]"
McDonald's,"Fort Worth, TX 76112",(817) 451-9966,https://www.google.com/maps?cid=16309061805652674926,"2250 E Loop 820, Fort Worth, TX 76112","Friday:[Open 24 hours], Saturday:[Open 24 hours], Sunday:[Open 24 hours], Monday:[Open 24 hours], Tuesday:[Open 24 hours], Wednesday:[Open 24 hours], Thursday:[Open 24 hours]"
McDonald's,"Pantego, TX 76013",(817) 261-3748,https://www.google.com/maps?cid=14819826562838240087,"2422 W Pioneer Pkwy, Pantego, TX 76013","Friday:[5AM-12AM], Saturday:[5AM-12AM], Sunday:[5AM-12AM], Monday:[5AM-12AM], Tuesday:[5AM-12AM], Wednesday:[5AM-12AM], Thursday:[5AM-12AM]"
McDonald's,"Converse, TX 78109",(210) 659-7513,https://www.google.com/maps?cid=10249854153197747432,"7975 Kitty Hawk Rd, Converse, TX 78109","Friday:[5AM-1AM], Saturday:[5AM-1AM], Sunday:[5AM-12AM], Monday:[5AM-12AM], Tuesday:[5AM-12AM], Wednesday:[5AM-12AM], Thursday:[5AM-12AM]"
McDonald's,"Breckenridge, TX 76424",(254) 559-3313,https://www.google.com/maps?cid=12481863764105071889,"3726 W Walker St, Breckenridge, TX 76424","Friday:[5AM-1AM], Saturday:[5AM-1AM], Sunday:[5AM-12AM], Monday:[5AM-12AM], Tuesday:[5AM-12AM], Wednesday:[5AM-12AM], Thursday:[5AM-12AM]"
McDonald's,"Big Spring, TX 79720",(432) 264-7730,https://www.google.com/maps?cid=7631907614317915359,"2600 S Gregg St, Big Spring, TX 79720","Friday:[5AM-12AM], Saturday:[5AM-12AM], Sunday:[5AM-11PM], Monday:[5AM-11PM], Tuesday:[5AM-11PM], Wednesday:[5AM-11PM], Thursday:[5AM-11PM]"
McDonald's,"Haltom City, TX 76117",(817) 222-9009,https://www.google.com/maps?cid=5904192070613205135,"5641 E Belknap St, Haltom City, TX 76117","Friday:[Open 24 hours], Saturday:[Open 24 hours], Sunday:[Open 24 hours], Monday:[Open 24 hours], Tuesday:[Open 24 hours], Wednesday:[Open 24 hours], Thursday:[Open 24 hours]"
McDonald's,"Hallsville, TX 75650",(903) 668-4650,https://www.google.com/maps?cid=2521099077593771529,"404 W Main St, Hallsville, TX 75650","Friday:[6AM-11PM], Saturday:[6AM-11PM], Sunday:[7AM-10PM], Monday:[6AM-11PM], Tuesday:[6AM-11PM], Wednesday:[6AM-11PM], Thursday:[6AM-11PM]"
McDonald's,"Cedar Hill, TX 75104",(972) 291-7881,https://www.google.com/maps?cid=10633146440894609911,"201 FM1382, Cedar Hill, TX 75104","Friday:[5AM-11PM], Saturday:[6AM-11PM], Sunday:[6AM-11PM], Monday:[5AM-11PM], Tuesday:[5AM-11PM], Wednesday:[5AM-11PM], Thursday:[5AM-11PM]"
McDonald's,"Alvarado, TX 76009",(817) 790-5721,https://www.google.com/maps?cid=15701662355647994632,"1200 Hwy 67 W, Alvarado, TX 76009","Friday:[Open 24 hours], Saturday:[Open 24 hours], Sunday:[Open 24 hours], Monday:[Open 24 hours], Tuesday:[Open 24 hours], Wednesday:[Open 24 hours], Thursday:[Open 24 hours]"
McDonald's,"Robinson, TX 76706",(254) 662-9565,https://www.google.com/maps?cid=888835218609509211,"7961 I-35, Robinson, TX 76706","Friday:[5AM-11PM], Saturday:[5AM-11PM], Sunday:[5AM-11PM], Monday:[5AM-11PM], Tuesday:[5AM-11PM], Wednesday:[5AM-11PM], Thursday:[5AM-11PM]"
McDonald's,"Three Rivers, TX 78071",(361) 786-1020,https://www.google.com/maps?cid=2645302163979447951,"2645 Hwy 37 S, Three Rivers, TX 78071","Friday:[5AM-12AM], Saturday:[Open 24 hours], Sunday:[4AM-12AM], Monday:[5AM-12AM], Tuesday:[5AM-12AM], Wednesday:[5AM-12AM], Thursday:[5AM-12AM]"
McDonald's,"Irving, TX 75062",(972) 986-0131,https://www.google.com/maps?cid=1416660812944739331,"4202 W Airport Fwy, Irving, TX 75062","Friday:[Open 24 hours], Saturday:[Open 24 hours], Sunday:[Open 24 hours], Monday:[Open 24 hours], Tuesday:[Open 24 hours], Wednesday:[Open 24 hours], Thursday:[Open 24 hours]"
McDonald's,"Plano, TX 75023",(972) 618-8925,https://www.google.com/maps?cid=2533656472636821028,"3957 Legacy Dr, Plano, TX 75023","Friday:[5AM-12AM], Saturday:[5AM-12AM], Sunday:[5AM-12AM], Monday:[5AM-12AM], Tuesday:[5AM-12AM], Wednesday:[5AM-12AM], Thursday:[5AM-12AM]"
McDonald's,"Houston, TX 77056",(713) 960-1733,https://www.google.com/maps?cid=1962938444966044390,"1405 Post Oak Blvd, Houston, TX 77056","Friday:[4AM-11PM], Saturday:[4AM-11PM], Sunday:[4AM-11PM], Monday:[4AM-11PM], Tuesday:[4AM-11PM], Wednesday:[4AM-11PM], Thursday:[4AM-11PM]"
McDonald's,"Kermit, TX 79745",(432) 586-2735,https://www.google.com/maps?cid=5180093038294224432,"902 TX-302, Kermit, TX 79745","Friday:[5AM-12AM], Saturday:[5AM-12AM], Sunday:[5AM-12AM], Monday:[5AM-12AM], Tuesday:[5AM-12AM], Wednesday:[5AM-12AM], Thursday:[5AM-12AM]"
McDonald's,"Longview, TX 75602",,https://www.google.com/maps?cid=94877151739217021,"3118 Estes Pkwy, Longview, TX 75602","Friday:[5AM-1AM], Saturday:[5AM-1AM], Sunday:[6AM-12AM], Monday:[5AM-12AM], Tuesday:[5AM-12AM], Wednesday:[5AM-12AM], Thursday:[5AM-12AM]"
McDonald's,"Plano, TX 75075",(972) 758-0282,https://www.google.com/maps?cid=2346255660545165117,"216 Coit Rd, Plano, TX 75075","Friday:[Open 24 hours], Saturday:[Open 24 hours], Sunday:[Open 24 hours], Monday:[Open 24 hours], Tuesday:[Open 24 hours], Wednesday:[Open 24 hours], Thursday:[Open 24 hours]"
McDonald's,"Plano, TX 75023",(972) 517-7095,https://www.google.com/maps?cid=9856292964531322364,"701 W Spring Creek Pkwy, Plano, TX 75023","Friday:[Open 24 hours], Saturday:[Open 24 hours], Sunday:[Open 24 hours], Monday:[Open 24 hours], Tuesday:[Open 24 hours], Wednesday:[Open 24 hours], Thursday:[Open 24 hours]"
McDonald's,"Farmers Branch, TX 75234",(972) 458-1952,https://www.google.com/maps?cid=10654160212171265365,"13950 Midway Rd, Farmers Branch, TX 75234","Friday:[5AM-1AM], Saturday:[5AM-1AM], Sunday:[5AM-1AM], Monday:[5AM-1AM], Tuesday:[5AM-1AM], Wednesday:[5AM-1AM], Thursday:[5AM-1AM]"
McDonald's,"Baytown, TX 77520",(281) 576-5977,https://www.google.com/maps?cid=12405511348880397098,"8910 N Hwy 146, Baytown, TX 77520","Friday:[Open 24 hours], Saturday:[Open 24 hours], Sunday:[Open 24 hours], Monday:[Open 24 hours], Tuesday:[Open 24 hours], Wednesday:[Open 24 hours], Thursday:[Open 24 hours]"
McDonald's,"Big Spring, TX 79720",(432) 264-7552,https://www.google.com/maps?cid=17144209959863691739,"706 I-20, Big Spring, TX 79720","Friday:[Open 24 hours], Saturday:[Open 24 hours], Sunday:[Open 24 hours], Monday:[Open 24 hours], Tuesday:[Open 24 hours], Wednesday:[Open 24 hours], Thursday:[Open 24 hours]"
McDonald's,"San Angelo, TX 76901",(325) 949-7787,https://www.google.com/maps?cid=4199530412959187055,"4330 Southwest Blvd, San Angelo, TX 76901","Friday:[4AM-2AM], Saturday:[4AM-2AM], Sunday:[4AM-1AM], Monday:[4AM-1AM], Tuesday:[4AM-1AM], Wednesday:[4AM-1AM], Thursday:[4AM-1AM]"
McDonald's,"Fort Worth, TX 76135",(817) 237-7245,https://www.google.com/maps?cid=1392736191782225270,"6356 Jacksboro Hwy, Fort Worth, TX 76135","Friday:[5AM-12AM], Saturday:[Open 24 hours], Sunday:[4AM-12AM], Monday:[5AM-12AM], Tuesday:[5AM-12AM], Wednesday:[5AM-12AM], Thursday:[5AM-12AM]"
McDonald's,"Fredericksburg, TX 78624",(830) 997-7600,https://www.google.com/maps?cid=7223012715521876010,"611 E Main St, Fredericksburg, TX 78624","Friday:[6AM-10PM], Saturday:[6AM-10PM], Sunday:[6AM-10PM], Monday:[6AM-10PM], Tuesday:[6AM-10PM], Wednesday:[6AM-10PM], Thursday:[6AM-10PM]"
McDonald's,"Stephenville, TX 76401",(254) 965-8928,https://www.google.com/maps?cid=2468324710807805096,"2819 W Washington St, Stephenville, TX 76401","Friday:[Open 24 hours], Saturday:[Open 24 hours], Sunday:[Open 24 hours], Monday:[Open 24 hours], Tuesday:[Open 24 hours], Wednesday:[Open 24 hours], Thursday:[Open 24 hours]"
McDonald's,"Plano, TX 75074",(972) 633-5135,https://www.google.com/maps?cid=11020367462358536574,"605 E 15th St, Plano, TX 75074","Friday:[5AM-4AM], Saturday:[5AM-4AM], Sunday:[5AM-12AM], Monday:[5AM-12AM], Tuesday:[5AM-12AM], Wednesday:[5AM-12AM], Thursday:[5AM-12AM]"
McDonald's,"Canton, TX 75103",(903) 567-5517,https://www.google.com/maps?cid=9638891505279270029,"2254 N Trade Days Blvd, Canton, TX 75103","Friday:[5AM-12AM], Saturday:[5AM-12AM], Sunday:[5AM-11PM], Monday:[5AM-11PM], Tuesday:[5AM-11PM], Wednesday:[5AM-11PM], Thursday:[5AM-11PM]"
McDonald's,"Austin, TX 78735",(512) 288-0805,https://www.google.com/maps?cid=10538630837280711675,"7010 State Hwy 71, Austin, TX 78735","Friday:[Open 24 hours], Saturday:[Open 24 hours], Sunday:[5AM-1AM], Monday:[5AM-1AM], Tuesday:[5AM-1AM], Wednesday:[5AM-1AM], Thursday:[5AM-12AM]"
McDonald's,"Temple, TX 76502",(254) 771-2889,https://www.google.com/maps?cid=7248053262631901167,"3403 S 31st St, Temple, TX 76502","Friday:[Open 24 hours], Saturday:[Open 24 hours], Sunday:[Open 24 hours], Monday:[Open 24 hours], Tuesday:[Open 24 hours], Wednesday:[Open 24 hours], Thursday:[Open 24 hours]"
McDonald's,"Dallas, TX 75240",(972) 233-5952,https://www.google.com/maps?cid=11370982946251161541,"13105 Montfort Dr, Dallas, TX 75240","Friday:[5AM-1AM], Saturday:[5AM-1AM], Sunday:[5AM-12AM], Monday:[Open 24 hours], Tuesday:[5AM-1AM], Wednesday:[5AM-1AM], Thursday:[5AM-1AM]"
McDonald's,"Round Rock, TX 78664",(512) 238-7508,https://www.google.com/maps?cid=808415606557561331,"2401 N I H 35, Round Rock, TX 78664","Friday:[6AM-12AM], Saturday:[6AM-12AM], Sunday:[6AM-12AM], Monday:[6AM-12AM], Tuesday:[6AM-12AM], Wednesday:[6AM-12AM], Thursday:[6AM-12AM]"
McDonald's,"Austin, TX 78717",(512) 248-2322,https://www.google.com/maps?cid=7597463651116134702,"10525 W Parmer Ln, Austin, TX 78717","Friday:[5AM-11PM], Saturday:[5AM-11PM], Sunday:[5AM-11PM], Monday:[5AM-11PM], Tuesday:[5AM-12AM], Wednesday:[5AM-12AM], Thursday:[5AM-11PM]"
McDonald's,"Dallas, TX 75230",(214) 373-0794,https://www.google.com/maps?cid=3408830219476563636,"10720 Preston Rd, Dallas, TX 75230","Friday:[8AM-7PM], Saturday:[8AM-7PM], Sunday:[8AM-7PM], Monday:[8AM-7PM], Tuesday:[8AM-7PM], Wednesday:[8AM-7PM], Thursday:[8AM-7PM]"
McDonald's,"Saginaw, TX 76106",(817) 625-6441,https://www.google.com/maps?cid=13411466465978885702,"5321 Blue Mound Rd, Saginaw, TX 76106","Friday:[5AM-12AM], Saturday:[5AM-12AM], Sunday:[5AM-11PM], Monday:[5AM-11PM], Tuesday:[5AM-11PM], Wednesday:[5AM-11PM], Thursday:[5AM-11PM]"
McDonald's,"Mt Vernon, TX 75457",(903) 588-3200,https://www.google.com/maps?cid=15270704037363360180,"906 TX-37, Mt Vernon, TX 75457","Friday:[5AM-11PM], Saturday:[5AM-11PM], Sunday:[5AM-12AM], Monday:[5AM-12AM], Tuesday:[5AM-11PM], Wednesday:[5AM-11PM], Thursday:[5AM-11PM]"
McDonald's,"Frisco, TX 75034",(214) 705-0935,https://www.google.com/maps?cid=2960638246058763164,"5615 W Eldorado Pkwy, Frisco, TX 75034","Friday:[5AM-1AM], Saturday:[5AM-1AM], Sunday:[5AM-1AM], Monday:[5AM-1AM], Tuesday:[5AM-1AM], Wednesday:[5AM-1AM], Thursday:[5AM-1AM]"
McDonald's,"Richmond, TX 77406",(281) 239-2226,https://www.google.com/maps?cid=12428792014526242614,"5660 W Grand Pkwy S, Richmond, TX 77406","Friday:[7AM-11PM], Saturday:[7AM-11PM], Sunday:[7AM-10PM], Monday:[7AM-10PM], Tuesday:[7AM-11PM], Wednesday:[7AM-11PM], Thursday:[7AM-11PM]"
McDonald's,"Coppell, TX 75019",(972) 462-7881,https://www.google.com/maps?cid=7939071680760239468,"125 S Denton Tap Rd, Coppell, TX 75019","Friday:[5AM-12AM], Saturday:[6AM-12AM], Sunday:[6AM-12AM], Monday:[5AM-12AM], Tuesday:[5AM-12AM], Wednesday:[5AM-12AM], Thursday:[5AM-12AM]"
McDonald's,"Woodville, TX 75979",(409) 283-5855,https://www.google.com/maps?cid=4146241954026919445,"1100 S Magnolia St, Woodville, TX 75979","Friday:[5AM-11PM], Saturday:[5AM-11PM], Sunday:[5AM-11PM], Monday:[5AM-11PM], Tuesday:[5AM-11PM], Wednesday:[5AM-11PM], Thursday:[5AM-11PM]"
McDonald's,"Bonham, TX 75418",(903) 640-1800,https://www.google.com/maps?cid=7463621805919356468,"2241 N Center St, Bonham, TX 75418","Friday:[5AM-12AM], Saturday:[5AM-12AM], Sunday:[5AM-12AM], Monday:[5AM-12AM], Tuesday:[5AM-12AM], Wednesday:[5AM-12AM], Thursday:[5AM-12AM]"
McDonald's,"Fort Worth, TX 76106",(817) 624-2976,https://www.google.com/maps?cid=15476825060514058835,"2248 Jacksboro Hwy, Fort Worth, TX 76106","Friday:[5AM-1AM], Saturday:[5AM-1AM], Sunday:[6AM-12AM], Monday:[5AM-12AM], Tuesday:[5AM-12AM], Wednesday:[5AM-12AM], Thursday:[5AM-12AM]"
McDonald's,"Arlington, TX 76012",(817) 795-3791,https://www.google.com/maps?cid=16477683707991798457,"1704 W Randol Mill Rd, Arlington, TX 76012","Friday:[5AM-12AM], Saturday:[5AM-12AM], Sunday:[5AM-12AM], Monday:[5AM-12AM], Tuesday:[5AM-12AM], Wednesday:[5AM-12AM], Thursday:[5AM-12AM]"
McDonald's,"Weatherford, TX 76086",(817) 594-6215,https://www.google.com/maps?cid=7540920004589235231,"2407 S Main St, Weatherford, TX 76086","Friday:[5AM-3AM], Saturday:[5AM-3AM], Sunday:[5AM-3AM], Monday:[5AM-3AM], Tuesday:[5AM-3AM], Wednesday:[5AM-3AM], Thursday:[5AM-3AM]"
McDonald's,"Pflugerville, TX 78660",(512) 989-2411,https://www.google.com/maps?cid=13381304656352974319,"1517 Farm to Market 685, Pflugerville, TX 78660","Friday:[6AM-1AM], Saturday:[6AM-1AM], Sunday:[6AM-11PM], Monday:[6AM-11PM], Tuesday:[6AM-11PM], Wednesday:[6AM-11PM], Thursday:[6AM-11PM]"
McDonald's,"Round Rock, TX 78664",(512) 255-2451,https://www.google.com/maps?cid=8259958920776543381,"310 N Interstate Hwy 35, Round Rock, TX 78664","Friday:[5AM-11PM], Saturday:[5AM-11PM], Sunday:[5AM-11PM], Monday:[5AM-11PM], Tuesday:[5AM-11PM], Wednesday:[5AM-11PM], Thursday:[5AM-11PM]"
McDonald's,"Andrews, TX 79714",(432) 524-2200,https://www.google.com/maps?cid=13660683641300077171,"1201 S Main St, Andrews, TX 79714","Friday:[5AM-12AM], Saturday:[Open 24 hours], Sunday:[5AM-12AM], Monday:[5AM-12AM], Tuesday:[5AM-12AM], Wednesday:[5AM-12AM], Thursday:[5AM-12AM]"
McDonald's,"Sachse, TX 75048",(972) 530-6234,https://www.google.com/maps?cid=8402175650574175422,"5230 S State Hwy 78, Sachse, TX 75048","Friday:[5AM-12AM], Saturday:[5AM-12AM], Sunday:[5AM-12AM], Monday:[5AM-12AM], Tuesday:[5AM-12AM], Wednesday:[5AM-12AM], Thursday:[5AM-12AM]"
McDonald's,"Plano, TX 75075",(972) 423-6443,https://www.google.com/maps?cid=14377238605885964251,"2100 W 15th St, Plano, TX 75075","Friday:[Open 24 hours], Saturday:[Open 24 hours], Sunday:[Open 24 hours], Monday:[Open 24 hours], Tuesday:[Open 24 hours], Wednesday:[Open 24 hours], Thursday:[Open 24 hours]"
McDonald's,"Dallas, TX 75209",(214) 350-7731,https://www.google.com/maps?cid=10790648766185109155,"5722 W Lovers Ln, Dallas, TX 75209","Friday:[Open 24 hours], Saturday:[Open 24 hours], Sunday:[4AM-11PM], Monday:[4AM-11PM], Tuesday:[4AM-11PM], Wednesday:[4AM-11PM], Thursday:[4AM-11PM]"
McDonald's,"Plano, TX 75093",(972) 473-8683,https://www.google.com/maps?cid=12494678367653605494,"6001 W Parker Rd, Plano, TX 75093","Friday:[Open 24 hours], Saturday:[Open 24 hours], Sunday:[Open 24 hours], Monday:[Open 24 hours], Tuesday:[Open 24 hours], Wednesday:[Open 24 hours], Thursday:[Open 24 hours]"
McDonald's,"Marble Falls, TX 78654",(830) 693-4911,https://www.google.com/maps?cid=11804740515830110726,"1605 Hwy 1431 W, Marble Falls, TX 78654","Friday:[6AM-11PM], Saturday:[6AM-11PM], Sunday:[7AM-11PM], Monday:[6AM-11PM], Tuesday:[6AM-11PM], Wednesday:[6AM-11PM], Thursday:[6AM-11PM]"
McDonald's,"Midlothian, TX 76065",(972) 775-1974,https://www.google.com/maps?cid=13976104702655595801,"1310 US Hwy 287 E, Midlothian, TX 76065","Friday:[5AM-11PM], Saturday:[5AM-11PM], Sunday:[6AM-11PM], Monday:[5AM-11PM], Tuesday:[5AM-11PM], Wednesday:[5AM-11PM], Thursday:[5AM-11PM]"
McDonald's,Farm-To-Market Rd 1882,(432) 332-3481,https://www.google.com/maps?cid=13680704648666921523,"1901 County Road, Farm-To-Market Rd 1882, Odessa, TX 79763","Friday:[Open 24 hours], Saturday:[Open 24 hours], Sunday:[Open 24 hours], Monday:[Open 24 hours], Tuesday:[Open 24 hours], Wednesday:[Open 24 hours], Thursday:[Open 24 hours]"
McDonald's,"League City, TX 77573",(281) 557-3257,https://www.google.com/maps?cid=2621300849872845252,"102 TX-3, League City, TX 77573","Friday:[4AM-12AM], Saturday:[4AM-12AM], Sunday:[4AM-11PM], Monday:[4AM-11PM], Tuesday:[4AM-11PM], Wednesday:[4AM-11PM], Thursday:[4AM-11PM]"
McDonald's,"McKinney, TX 75070",(972) 542-5675,https://www.google.com/maps?cid=17914775226547575943,"402 N Central Expy, McKinney, TX 75070","Friday:[Open 24 hours], Saturday:[Open 24 hours], Sunday:[Open 24 hours], Monday:[Open 24 hours], Tuesday:[Open 24 hours], Wednesday:[Open 24 hours], Thursday:[Open 24 hours]"
McDonald's,"Monahans, TX 79756",(432) 943-3264,https://www.google.com/maps?cid=6231403365642727553,"1905 S Stockton Ave, Monahans, TX 79756","Friday:[5AM-12AM], Saturday:[5AM-12AM], Sunday:[5AM-12AM], Monday:[5AM-12AM], Tuesday:[5AM-12AM], Wednesday:[5AM-12AM], Thursday:[5AM-12AM]"
McDonald's,"Clyde, TX 79510",(325) 893-1492,https://www.google.com/maps?cid=5275735285204045680,"1700 S Access Rd, Clyde, TX 79510","Friday:[6AM-12AM], Saturday:[6AM-12AM], Sunday:[6AM-11PM], Monday:[6AM-11PM], Tuesday:[6AM-11PM], Wednesday:[6AM-11PM], Thursday:[6AM-11PM]"
McDonald's,"Crowley, TX 76036",(817) 297-7092,https://www.google.com/maps?cid=10903813332338487236,"464 E Main St, Crowley, TX 76036","Friday:[4:30AM-12AM], Saturday:[4:30AM-12AM], Sunday:[6AM-11PM], Monday:[4:30AM-11PM], Tuesday:[4:30AM-11PM], Wednesday:[4:30AM-11PM], Thursday:[4:30AM-11PM]"
McDonald's,"Austin, TX 78741",(512) 912-7511,https://www.google.com/maps?cid=14921818485124777276,"4501 E Ben White Blvd, Austin, TX 78741","Friday:[Open 24 hours], Saturday:[Open 24 hours], Sunday:[Open 24 hours], Monday:[Open 24 hours], Tuesday:[Open 24 hours], Wednesday:[Open 24 hours], Thursday:[Open 24 hours]"
McDonald's,"Midland, TX 79706",(432) 563-1876,https://www.google.com/maps?cid=7523709891566375273,"4015 Farm to Market 1788, Midland, TX 79706","Friday:[Open 24 hours], Saturday:[Open 24 hours], Sunday:[Open 24 hours], Monday:[Open 24 hours], Tuesday:[Open 24 hours], Wednesday:[Open 24 hours], Thursday:[Open 24 hours]"
McDonald's,"Harker Heights, TX 76548",(254) 698-1741,https://www.google.com/maps?cid=2842344192391292679,"920 Knight's Way, Harker Heights, TX 76548","Friday:[6AM-12AM], Saturday:[6AM-12AM], Sunday:[6AM-12AM], Monday:[6AM-12AM], Tuesday:[6AM-12AM], Wednesday:[6AM-12AM], Thursday:[6AM-12AM]"
McDonald's,"Dallas, TX 75240",(972) 233-8788,https://www.google.com/maps?cid=6908135529518091063,"14770 Preston Rd, Dallas, TX 75240","Friday:[Open 24 hours], Saturday:[Open 24 hours], Sunday:[Open 24 hours], Monday:[Open 24 hours], Tuesday:[Open 24 hours], Wednesday:[Open 24 hours], Thursday:[Open 24 hours]"
McDonald's,"McKinney, TX 75070",(214) 726-0877,https://www.google.com/maps?cid=11223431553871241186,"3200 W Eldorado Pkwy, McKinney, TX 75070","Friday:[Open 24 hours], Saturday:[Open 24 hours], Sunday:[Open 24 hours], Monday:[Open 24 hours], Tuesday:[Open 24 hours], Wednesday:[Open 24 hours], Thursday:[Open 24 hours]"
McDonald's,"Fort Worth, TX 76155",(817) 283-7028,https://www.google.com/maps?cid=18153018996289539733,"14100 Center Station Dr, Fort Worth, TX 76155","Friday:[Open 24 hours], Saturday:[Open 24 hours], Sunday:[Open 24 hours], Monday:[Open 24 hours], Tuesday:[Open 24 hours], Wednesday:[Open 24 hours], Thursday:[Open 24 hours]"
McDonald's,"Spring, TX 77388",(281) 651-6777,https://www.google.com/maps?cid=514310907249961985,"5905 Farm to Market 2920, Spring, TX 77388","Friday:[Open 24 hours], Saturday:[Open 24 hours], Sunday:[Open 24 hours], Monday:[Open 24 hours], Tuesday:[Open 24 hours], Wednesday:[Open 24 hours], Thursday:[Open 24 hours]"
McDonald's,"Sweetwater, TX 79556",(325) 235-1520,https://www.google.com/maps?cid=14407399732181678324,"201 NE Georgia Ave, Sweetwater, TX 79556","Friday:[5AM-1AM], Saturday:[5AM-1AM], Sunday:[5AM-12AM], Monday:[5AM-12AM], Tuesday:[5AM-12AM], Wednesday:[5AM-12AM], Thursday:[5AM-12AM]"
McDonald's,"Mineral Wells, TX 76067",(940) 328-1930,https://www.google.com/maps?cid=12029953990027068089,"100 Garrett Morris Pkwy, Mineral Wells, TX 76067","Friday:[Open 24 hours], Saturday:[Open 24 hours], Sunday:[Open 24 hours], Monday:[Open 24 hours], Tuesday:[Open 24 hours], Wednesday:[Open 24 hours], Thursday:[Open 24 hours]"
McDonald's,"Abilene, TX 79605",(325) 691-5902,https://www.google.com/maps?cid=9912131383807101605,"3147 S 14th St, Abilene, TX 79605","Friday:[6AM-12AM], Saturday:[6AM-12AM], Sunday:[6AM-12AM], Monday:[6AM-12AM], Tuesday:[6AM-12AM], Wednesday:[6AM-12AM], Thursday:[6AM-12AM]"
McDonald's,"Granbury, TX 76049",(817) 579-9676,https://www.google.com/maps?cid=667255043832233068,"3908 Hwy 377 East, Granbury, TX 76049","Friday:[Open 24 hours], Saturday:[Open 24 hours], Sunday:[Open 24 hours], Monday:[Open 24 hours], Tuesday:[Open 24 hours], Wednesday:[Open 24 hours], Thursday:[Open 24 hours]"
McDonald's,"Watauga, TX 76148",(817) 427-5743,https://www.google.com/maps?cid=12466685037768294238,"7040 Denton Hwy, Watauga, TX 76148","Friday:[5AM-2AM], Saturday:[5AM-2AM], Sunday:[5AM-12AM], Monday:[5AM-12AM], Tuesday:[5AM-12AM], Wednesday:[5AM-12AM], Thursday:[5AM-12AM]"
McDonald's,"Houston, TX 77018",(713) 861-1341,https://www.google.com/maps?cid=5330987318451495683,"3025 Ella Blvd, Houston, TX 77018","Friday:[5:30AM-11PM], Saturday:[5:30AM-11PM], Sunday:[5:30AM-12AM], Monday:[5:30AM-12AM], Tuesday:[5:30AM-11PM], Wednesday:[5:30AM-11PM], Thursday:[5:30AM-11PM]"
McDonald's,"Irving, TX 75038",(972) 255-1387,https://www.google.com/maps?cid=3836348767867537088,"4098 N Belt Line Rd, Irving, TX 75038","Friday:[Open 24 hours], Saturday:[Open 24 hours], Sunday:[Open 24 hours], Monday:[Open 24 hours], Tuesday:[Open 24 hours], Wednesday:[Open 24 hours], Thursday:[Open 24 hours]"
McDonald's,"Lubbock, TX 79401",(806) 747-5536,https://www.google.com/maps?cid=5772229530391231630,"2339 19th St, Lubbock, TX 79401","Friday:[4AM-3AM], Saturday:[4AM-3AM], Sunday:[4AM-11PM], Monday:[6AM-11PM], Tuesday:[6AM-3AM], Wednesday:[4AM-3AM], Thursday:[4AM-3AM]"
McDonald's,"San Antonio, TX 78212",(210) 227-5007,https://www.google.com/maps?cid=6332844607915417279,"721 San Pedro Ave, San Antonio, TX 78212","Friday:[Open 24 hours], Saturday:[Open 24 hours], Sunday:[Open 24 hours], Monday:[Open 24 hours], Tuesday:[Open 24 hours], Wednesday:[Open 24 hours], Thursday:[Open 24 hours]"
McDonald's,"Seguin, TX 78155",(830) 379-0076,https://www.google.com/maps?cid=14976436335581556123,"1811 I 10 W, Seguin, TX 78155","Friday:[6AM-1AM], Saturday:[6AM-1AM], Sunday:[6AM-11PM], Monday:[6AM-11PM], Tuesday:[6AM-11PM], Wednesday:[6AM-11PM], Thursday:[6AM-11PM]"
McDonald's,"Dallas, TX 75229",(972) 243-7833,https://www.google.com/maps?cid=17658472964249811932,"2475 Royal Ln, Dallas, TX 75229","Friday:[5AM-1:30AM], Saturday:[5AM-1:30AM], Sunday:[6AM-11:30PM], Monday:[5AM-11PM], Tuesday:[5AM-11:30PM], Wednesday:[5AM-11:30PM], Thursday:[5AM-11:30PM]"
McDonald's,"Canyon Lake, TX 78133",(830) 227-5650,https://www.google.com/maps?cid=12156874073889272331,"8036 FM2673, Canyon Lake, TX 78133","Friday:[6AM-11PM], Saturday:[6AM-11PM], Sunday:[6AM-11PM], Monday:[6AM-11PM], Tuesday:[6AM-11PM], Wednesday:[6AM-12AM], Thursday:[6AM-12AM]"
McDonald's,"Childress, TX 79201",(940) 937-2936,https://www.google.com/maps?cid=3210959737560130009,"2111 Ave F NW US 287, Childress, TX 79201","Friday:[5AM-11PM], Saturday:[5AM-11PM], Sunday:[6AM-10PM], Monday:[6AM-10PM], Tuesday:[6AM-10PM], Wednesday:[6AM-10PM], Thursday:[6AM-10PM]"
McDonald's,"Beaumont, TX 77706",(409) 898-3552,https://www.google.com/maps?cid=3235307794146276712,"4515 Dowlen Rd, Beaumont, TX 77706","Friday:[5AM-12AM], Saturday:[5AM-12AM], Sunday:[5AM-12AM], Monday:[5AM-12AM], Tuesday:[5AM-12AM], Wednesday:[5AM-12AM], Thursday:[5AM-12AM]"
McDonald's,"Grand Prairie, TX 75050",(972) 266-3811,https://www.google.com/maps?cid=12819539402875816369,"813 E Main St, Grand Prairie, TX 75050","Friday:[Open 24 hours], Saturday:[Open 24 hours], Sunday:[Open 24 hours], Monday:[Open 24 hours], Tuesday:[Open 24 hours], Wednesday:[Open 24 hours], Thursday:[Open 24 hours]"
McDonald's,"Brownwood, TX 76801",(325) 641-1408,https://www.google.com/maps?cid=8461730523093918227,"204 E Commerce St, Brownwood, TX 76801","Friday:[4AM-3AM], Saturday:[4AM-3AM], Sunday:[4AM-1AM], Monday:[5AM-12AM], Tuesday:[4AM-1AM], Wednesday:[4AM-1AM], Thursday:[4AM-1AM]"
McDonald's,"Irving, TX 75038",(972) 717-3141,https://www.google.com/maps?cid=16929773390547337028,"4959 N O'Connor Rd, Irving, TX 75038","Friday:[5:30AM-11PM], Saturday:[5:30AM-11PM], Sunday:[5:30AM-11PM], Monday:[5:30AM-11PM], Tuesday:[5:30AM-11PM], Wednesday:[5:30AM-11PM], Thursday:[5:30AM-11PM]"
McDonald's,"Cleburne, TX 76031",(817) 202-9013,https://www.google.com/maps?cid=13842263208052645409,"2206 N Main St, Cleburne, TX 76031","Friday:[Open 24 hours], Saturday:[Open 24 hours], Sunday:[Open 24 hours], Monday:[Open 24 hours], Tuesday:[Open 24 hours], Wednesday:[Open 24 hours], Thursday:[Open 24 hours]"
McDonald's,"Harker Heights, TX 76548",(254) 690-7050,https://www.google.com/maps?cid=786003883723513142,"630 Indian Trail, Harker Heights, TX 76548","Friday:[5AM-12AM], Saturday:[Open 24 hours], Sunday:[4AM-12AM], Monday:[5AM-12AM], Tuesday:[5AM-12AM], Wednesday:[5AM-12AM], Thursday:[5AM-12AM]"
McDonald's,"Stephenville, TX 76401",(254) 965-3777,https://www.google.com/maps?cid=18404144933013344497,"1416 W Washington St, Stephenville, TX 76401","Friday:[Open 24 hours], Saturday:[Open 24 hours], Sunday:[Open 24 hours], Monday:[Open 24 hours], Tuesday:[Open 24 hours], Wednesday:[Open 24 hours], Thursday:[Open 24 hours]"
McDonald's,"Killeen, TX 76541",(254) 634-7300,https://www.google.com/maps?cid=16264880636303263802,"109 E Rancier Ave, Killeen, TX 76541","Friday:[Open 24 hours], Saturday:[Open 24 hours], Sunday:[Open 24 hours], Monday:[Open 24 hours], Tuesday:[Open 24 hours], Wednesday:[Open 24 hours], Thursday:[Open 24 hours]"
McDonald's,"San Angelo, TX 76903",(325) 227-8504,https://www.google.com/maps?cid=8765873856995243899,"520 N Bryant Blvd, San Angelo, TX 76903","Friday:[Open 24 hours], Saturday:[Open 24 hours], Sunday:[Open 24 hours], Monday:[Open 24 hours], Tuesday:[Open 24 hours], Wednesday:[Open 24 hours], Thursday:[Open 24 hours]"
McDonald's,"Austin, TX 78758",(512) 837-8616,https://www.google.com/maps?cid=16877765332209687248,"2608 W Braker Ln W, Austin, TX 78758","Friday:[5AM-12AM], Saturday:[5AM-12AM], Sunday:[5AM-12AM], Monday:[5AM-12AM], Tuesday:[5AM-12AM], Wednesday:[5AM-12AM], Thursday:[5AM-12AM]"
McDonald's,"North Richland Hills, TX 76180",(817) 281-8888,https://www.google.com/maps?cid=671258800973313122,"5140 Rufe Snow Dr, North Richland Hills, TX 76180","Friday:[Open 24 hours], Saturday:[Open 24 hours], Sunday:[Open 24 hours], Monday:[Open 24 hours], Tuesday:[Open 24 hours], Wednesday:[Open 24 hours], Thursday:[Open 24 hours]"
McDonald's,"Irving, TX 75062",(972) 438-4883,https://www.google.com/maps?cid=957013676558804251,"1308 E Airport Fwy, Irving, TX 75062","Friday:[Open 24 hours], Saturday:[Open 24 hours], Sunday:[Open 24 hours], Monday:[Open 24 hours], Tuesday:[Open 24 hours], Wednesday:[Open 24 hours], Thursday:[Open 24 hours]"
McDonald's,"Eastland, TX 76448",(254) 629-3613,https://www.google.com/maps?cid=17400797024808418744,"1490 E Main St, Eastland, TX 76448","Friday:[5AM-12AM], Saturday:[Open 24 hours], Sunday:[4AM-12AM], Monday:[5AM-12AM], Tuesday:[5AM-12AM], Wednesday:[5AM-12AM], Thursday:[5AM-12AM]"
McDonald's,"Dallas, TX 75206",(214) 827-6800,https://www.google.com/maps?cid=3703891244392805613,"5403 Ross Ave, Dallas, TX 75206","Friday:[Open 24 hours], Saturday:[Open 24 hours], Sunday:[Open 24 hours], Monday:[Open 24 hours], Tuesday:[Open 24 hours], Wednesday:[Open 24 hours], Thursday:[Open 24 hours]"
McDonald's,"Cedar Park, TX 78613",(512) 336-1999,https://www.google.com/maps?cid=10839597960071394577,"1410 Cypress Creek Road, Cedar Park, TX 78613","Friday:[5AM-10PM], Saturday:[5AM-10PM], Sunday:[5AM-10PM], Monday:[5AM-10PM], Tuesday:[5AM-10PM], Wednesday:[5AM-10PM], Thursday:[5AM-10PM]"
McDonald's,"Azle, TX 76020",(817) 444-1696,https://www.google.com/maps?cid=6116268101657382719,"597 NW Pkwy St, Azle, TX 76020","Friday:[Open 24 hours], Saturday:[Open 24 hours], Sunday:[Open 24 hours], Monday:[Open 24 hours], Tuesday:[Open 24 hours], Wednesday:[Open 24 hours], Thursday:[Open 24 hours]"
McDonald's,"Roma, TX 78584",(956) 849-1045,https://www.google.com/maps?cid=7844210466307406789,"104 E Grant St, Roma, TX 78584","Friday:[Open 24 hours], Saturday:[Open 24 hours], Sunday:[Open 24 hours], Monday:[Open 24 hours], Tuesday:[Open 24 hours], Wednesday:[Open 24 hours], Thursday:[Open 24 hours]"
McDonald's,"Waco, TX 76712",(254) 666-5743,https://www.google.com/maps?cid=13956092535174746301,"913 Hewitt Dr, Waco, TX 76712","Friday:[5AM-12AM], Saturday:[5AM-12AM], Sunday:[5AM-11PM], Monday:[5AM-11PM], Tuesday:[5AM-11PM], Wednesday:[5AM-11PM], Thursday:[5AM-11PM]"
McDonald's,"Jarrell, TX 76537",(512) 746-2180,https://www.google.com/maps?cid=16022935309691283963,"11640 N I-35 N, Jarrell, TX 76537","Friday:[5AM-12AM], Saturday:[5AM-12AM], Sunday:[5AM-11PM], Monday:[5AM-11PM], Tuesday:[5AM-11PM], Wednesday:[5AM-11PM], Thursday:[5AM-11PM]"
McDonald's,"Temple, TX 76502",(254) 773-3000,https://www.google.com/maps?cid=4713812967464543410,"3814 S General Bruce Dr, Temple, TX 76502","Friday:[6AM-11PM], Saturday:[6AM-11PM], Sunday:[6AM-11PM], Monday:[6AM-12AM], Tuesday:[6AM-11PM], Wednesday:[6AM-11PM], Thursday:[6AM-11PM]"
McDonald's,"Abilene, TX 79603",(325) 673-6564,https://www.google.com/maps?cid=12087160490630313785,"3602 N 1st St, Abilene, TX 79603","Friday:[6AM-2AM], Saturday:[6AM-2AM], Sunday:[6AM-1AM], Monday:[6AM-1AM], Tuesday:[6AM-1AM], Wednesday:[6AM-1AM], Thursday:[6AM-1AM]"
McDonald's,"Benbrook, TX 76126",(817) 249-2773,https://www.google.com/maps?cid=5175600517048537855,"8516 Hwy 377 S, Benbrook, TX 76126","Friday:[5AM-12AM], Saturday:[5AM-12AM], Sunday:[5AM-12AM], Monday:[5AM-12AM], Tuesday:[5AM-12AM], Wednesday:[5AM-12AM], Thursday:[5AM-12AM]"
McDonald's,"Fort Worth, TX 76109",(817) 921-2202,https://www.google.com/maps?cid=7799884962347549811,"3012 W Berry St, Fort Worth, TX 76109","Friday:[5AM-1AM], Saturday:[5AM-1AM], Sunday:[6AM-12AM], Monday:[5AM-12AM], Tuesday:[5AM-12AM], Wednesday:[5AM-12AM], Thursday:[5AM-12AM]"
McDonald's,"Beaumont, TX 77706",(409) 866-7272,https://www.google.com/maps?cid=1946427824896627804,"6380 Phelan Blvd, Beaumont, TX 77706","Friday:[Open 24 hours], Saturday:[Open 24 hours], Sunday:[Open 24 hours], Monday:[Open 24 hours], Tuesday:[Open 24 hours], Wednesday:[Open 24 hours], Thursday:[Open 24 hours]"
McDonald's,"Midland, TX 79701",(432) 687-1705,https://www.google.com/maps?cid=8180777105325414393,"2307 Rankin Hwy, Midland, TX 79701","Friday:[5AM-1AM], Saturday:[5AM-1AM], Sunday:[5AM-12AM], Monday:[5AM-12AM], Tuesday:[5AM-12AM], Wednesday:[5AM-12AM], Thursday:[5AM-12AM]"
McDonald's,"Houston, TX 77070",(281) 370-0000,https://www.google.com/maps?cid=8372830944305999622,"21189 Tomball Pkwy, Houston, TX 77070","Friday:[4:30AM-1AM], Saturday:[4:30AM-1AM], Sunday:[4:30AM-12AM], Monday:[4:30AM-12AM], Tuesday:[4:30AM-12AM], Wednesday:[4:30AM-12AM], Thursday:[4:30AM-12AM]"
McDonald's,"Mt Pleasant, TX 75455",(903) 572-8393,https://www.google.com/maps?cid=3684955457320647147,"102 Cedar St, Mt Pleasant, TX 75455","Friday:[5AM-12AM], Saturday:[5AM-12AM], Sunday:[5AM-11PM], Monday:[5AM-11PM], Tuesday:[5AM-11PM], Wednesday:[5AM-11PM], Thursday:[5AM-11PM]"
McDonald's,U.S. Hwy 190,(254) 699-1659,https://www.google.com/maps?cid=5083231171771750134,"2102 Business, U.S. Hwy 190, Killeen, TX 76541","Friday:[5AM-12AM], Saturday:[Open 24 hours], Sunday:[4AM-12AM], Monday:[5AM-12AM], Tuesday:[5AM-12AM], Wednesday:[5AM-12AM], Thursday:[5AM-12AM]"
McDonald's,"Killeen, TX 76542",(254) 200-0650,https://www.google.com/maps?cid=14875681815708929410,"4622 S Fort Hood St, Killeen, TX 76542","Friday:[Open 24 hours], Saturday:[Open 24 hours], Sunday:[Open 24 hours], Monday:[Open 24 hours], Tuesday:[Open 24 hours], Wednesday:[Open 24 hours], Thursday:[Open 24 hours]"
McDonald's,"Keller, TX 76248",(817) 741-1811,https://www.google.com/maps?cid=8653805201023485398,"12540 N Beach St, Keller, TX 76248","Friday:[5AM-1AM], Saturday:[5AM-1AM], Sunday:[6AM-1AM], Monday:[5AM-1AM], Tuesday:[5AM-1AM], Wednesday:[5AM-1AM], Thursday:[5AM-1AM]"
McDonald's,"Midland, TX 79701",(432) 520-3044,https://www.google.com/maps?cid=6798001187019925077,"1111 Andrews Hwy, Midland, TX 79701","Friday:[5AM-1AM], Saturday:[5AM-1AM], Sunday:[5AM-12AM], Monday:[5AM-12AM], Tuesday:[5AM-12AM], Wednesday:[5AM-12AM], Thursday:[5AM-12AM]"
McDonald's,"Clute, TX 77531",(979) 297-3824,https://www.google.com/maps?cid=5593545772615153670,"1028 Dixie Dr, Clute, TX 77531","Friday:[Open 24 hours], Saturday:[Open 24 hours], Sunday:[Open 24 hours], Monday:[Open 24 hours], Tuesday:[Open 24 hours], Wednesday:[Open 24 hours], Thursday:[Open 24 hours]"
McDonald's,"Waskom, TX 75692",(903) 687-2445,https://www.google.com/maps?cid=12599516857934189037,"510 North I-20 East, Waskom, TX 75692","Friday:[6AM-11PM], Saturday:[6AM-11PM], Sunday:[6AM-11PM], Monday:[6AM-11PM], Tuesday:[6AM-11PM], Wednesday:[6AM-11PM], Thursday:[6AM-11PM]"
McDonald's,"Garland, TX 75044",(972) 530-3430,https://www.google.com/maps?cid=16754121308975985349,"190 N Shiloh Rd, Garland, TX 75044","Friday:[4:30AM-1AM], Saturday:[4:30AM-1AM], Sunday:[4:30AM-12AM], Monday:[4:30AM-12AM], Tuesday:[4:30AM-12AM], Wednesday:[4:30AM-12AM], Thursday:[4:30AM-12AM]"
McDonald's,"Fort Stockton, TX 79735",(432) 336-9705,https://www.google.com/maps?cid=6547045015835030990,"1500 US Hwy 285, Fort Stockton, TX 79735","Friday:[6AM-11PM], Saturday:[6AM-11PM], Sunday:[6AM-11PM], Monday:[6AM-11PM], Tuesday:[6AM-11PM], Wednesday:[6AM-11PM], Thursday:[6AM-11PM]"
McDonald's,"Killeen, TX 76549",(254) 501-9165,https://www.google.com/maps?cid=9157185330851396882,"3700 Clear Creek Rd, Killeen, TX 76549","Friday:[Open 24 hours], Saturday:[Open 24 hours], Sunday:[Open 24 hours], Monday:[Open 24 hours], Tuesday:[Open 24 hours], Wednesday:[Open 24 hours], Thursday:[Open 24 hours]"
McDonald's,"Austin, TX 78752",(512) 837-9336,https://www.google.com/maps?cid=9201401710184133602,"1024 E Anderson Ln, Austin, TX 78752","Friday:[5AM-11PM], Saturday:[5AM-11PM], Sunday:[5AM-11PM], Monday:[5AM-11PM], Tuesday:[5AM-11PM], Wednesday:[5AM-11PM], Thursday:[5AM-11PM]"
McDonald's,"Austin, TX 78726",(512) 996-9449,https://www.google.com/maps?cid=12641874280195450454,"7409 N FM 620, Austin, TX 78726","Friday:[5:30AM-2AM], Saturday:[5:30AM-1AM], Sunday:[5:30AM-1AM], Monday:[5:30AM-1AM], Tuesday:[5:30AM-1AM], Wednesday:[5:30AM-1AM], Thursday:[5:30AM-2AM]"
McDonald's,"Austin, TX 78750",(512) 335-8065,https://www.google.com/maps?cid=14083023986535117911,"13749 N US Hwy 183, Austin, TX 78750","Friday:[Open 24 hours], Saturday:[Open 24 hours], Sunday:[Open 24 hours], Monday:[Open 24 hours], Tuesday:[Open 24 hours], Wednesday:[Open 24 hours], Thursday:[Open 24 hours]"
McDonald's,"Plano, TX 75093",(972) 250-2349,https://www.google.com/maps?cid=198587821143427170,"6220 W Park Blvd, Plano, TX 75093","Friday:[5AM-11PM], Saturday:[6AM-11PM], Sunday:[6AM-11PM], Monday:[5AM-11PM], Tuesday:[5AM-11PM], Wednesday:[5AM-11PM], Thursday:[5AM-11PM]"
McDonald's,"Brownfield, TX 79316",(806) 637-8929,https://www.google.com/maps?cid=14861693655669687922,"304 Lubbock Rd, Brownfield, TX 79316","Friday:[Open 24 hours], Saturday:[Open 24 hours], Sunday:[4AM-12AM], Monday:[4AM-12AM], Tuesday:[4AM-12AM], Wednesday:[4AM-12AM], Thursday:[4AM-12AM]"
McDonald's,"Georgetown, TX 78628",(512) 863-9922,https://www.google.com/maps?cid=11137628686112025991,"4418 Williams Dr, Georgetown, TX 78628","Friday:[5AM-12AM], Saturday:[5AM-12AM], Sunday:[5AM-12AM], Monday:[5AM-12AM], Tuesday:[5AM-12AM], Wednesday:[5AM-1AM], Thursday:[5AM-1AM]"
McDonald's,"Granbury, TX 76048",(817) 573-0206,https://www.google.com/maps?cid=17980018708666097433,"1101 S Morgan St, Granbury, TX 76048","Friday:[Open 24 hours], Saturday:[Open 24 hours], Sunday:[Open 24 hours], Monday:[Open 24 hours], Tuesday:[Open 24 hours], Wednesday:[Open 24 hours], Thursday:[Open 24 hours]"
McDonald's,"Kenedy, TX 78119",(830) 583-3700,https://www.google.com/maps?cid=14147800949929639441,"109 N Sunset Strip St, Kenedy, TX 78119","Friday:[5AM-2AM], Saturday:[5AM-2AM], Sunday:[5AM-2AM], Monday:[5AM-2AM], Tuesday:[5AM-2AM], Wednesday:[5AM-2AM], Thursday:[5AM-2AM]"
McDonald's,"Dripping Springs, TX 78620",(512) 858-9920,https://www.google.com/maps?cid=13022371859320179275,"333 E Highway 290, Dripping Springs, TX 78620","Friday:[5AM-10PM], Saturday:[5AM-10PM], Sunday:[5AM-10PM], Monday:[5AM-10PM], Tuesday:[5AM-10PM], Wednesday:[5AM-10PM], Thursday:[5AM-10PM]"
McDonald's,"Fort Worth, TX 76112",(817) 801-3062,https://www.google.com/maps?cid=10274538832873994972,"1420 Eastchase Pkwy, Fort Worth, TX 76112","Friday:[5AM-12AM], Saturday:[Open 24 hours], Sunday:[4AM-12AM], Monday:[5AM-12AM], Tuesday:[5AM-12AM], Wednesday:[5AM-12AM], Thursday:[5AM-12AM]"
McDonald's,"Plano, TX 75075",(972) 596-6123,https://www.google.com/maps?cid=1264134770207418743,"4925 W Park Blvd, Plano, TX 75075","Friday:[5AM-12AM], Saturday:[5AM-12AM], Sunday:[5:30AM-12AM], Monday:[5AM-12AM], Tuesday:[5AM-12AM], Wednesday:[5AM-12AM], Thursday:[5AM-12AM]"
McDonald's,"Kerrville, TX 78028",(830) 895-7707,https://www.google.com/maps?cid=14623513288989149412,"1308 Junction Hwy, Kerrville, TX 78028","Friday:[6AM-11PM], Saturday:[6AM-11PM], Sunday:[6AM-11PM], Monday:[6AM-11PM], Tuesday:[6AM-11PM], Wednesday:[6AM-11PM], Thursday:[6AM-11PM]"
McDonald's,"Temple, TX 76502",(254) 771-9901,https://www.google.com/maps?cid=1702262821779846406,"6811 W Adams Ave, Temple, TX 76502","Friday:[6AM-12AM], Saturday:[6AM-12AM], Sunday:[6AM-12AM], Monday:[6AM-12AM], Tuesday:[6AM-12AM], Wednesday:[6AM-12AM], Thursday:[6AM-12AM]"
McDonald's,"Temple, TX 76501",(254) 778-0314,https://www.google.com/maps?cid=14090189097065253879,"1601 W Adams Ave, Temple, TX 76501","Friday:[6AM-12AM], Saturday:[6AM-12AM], Sunday:[6AM-12AM], Monday:[6AM-12AM], Tuesday:[6AM-12AM], Wednesday:[6AM-12AM], Thursday:[6AM-12AM]"
McDonald's,"Austin, TX 78735",(512) 892-8780,https://www.google.com/maps?cid=7583915454773750211,"5017 E Hwy 290, Austin, TX 78735","Friday:[7AM-10PM], Saturday:[7AM-10PM], Sunday:[7AM-10PM], Monday:[7AM-10PM], Tuesday:[7AM-10PM], Wednesday:[7AM-10PM], Thursday:[7AM-10PM]"
McDonald's,"Dallas, TX 75287",(972) 733-4494,https://www.google.com/maps?cid=11557559822923912565,"17606 Midway Rd, Dallas, TX 75287","Friday:[Open 24 hours], Saturday:[Open 24 hours], Sunday:[Open 24 hours], Monday:[Open 24 hours], Tuesday:[Open 24 hours], Wednesday:[Open 24 hours], Thursday:[Open 24 hours]"
McDonald's,"Carrollton, TX 75007",(972) 492-8727,https://www.google.com/maps?cid=16109265408797970575,"1050 W Frankford Rd, Carrollton, TX 75007","Thursday:[6AM-4AM], Friday:[6AM-4AM], Saturday:[6AM-4AM], Sunday:[6AM-11PM], Monday:[6AM-11PM], Tuesday:[6AM-11PM], Wednesday:[6AM-11PM]"
McDonald's,"Dallas, TX 75219",(214) 522-0697,https://www.google.com/maps?cid=13275587942724364623,"4439 Lemmon Ave, Dallas, TX 75219","Friday:[Open 24 hours], Saturday:[Open 24 hours], Sunday:[Open 24 hours], Monday:[Open 24 hours], Tuesday:[Open 24 hours], Wednesday:[Open 24 hours], Thursday:[Open 24 hours]"
McDonald's,"Irving, TX 75062",(972) 252-8508,https://www.google.com/maps?cid=17404880134665440460,"2410 N Story Rd, Irving, TX 75062","Friday:[Open 24 hours], Saturday:[Open 24 hours], Sunday:[Open 24 hours], Monday:[Open 24 hours], Tuesday:[Open 24 hours], Wednesday:[Open 24 hours], Thursday:[Open 24 hours]"
McDonald's,"Killeen, TX 76541",(254) 526-3104,https://www.google.com/maps?cid=9166690421234419955,"1105 S Fort Hood St, Killeen, TX 76541","Friday:[Open 24 hours], Saturday:[Open 24 hours], Sunday:[Open 24 hours], Monday:[Open 24 hours], Tuesday:[Open 24 hours], Wednesday:[Open 24 hours], Thursday:[Open 24 hours]"
McDonald's,"Fort Worth, TX 76111",(817) 834-2179,https://www.google.com/maps?cid=4437428288938292634,"3901 Airport Fwy, Fort Worth, TX 76111","Friday:[Open 24 hours], Saturday:[Open 24 hours], Sunday:[Open 24 hours], Monday:[Open 24 hours], Tuesday:[Open 24 hours], Wednesday:[Open 24 hours], Thursday:[Open 24 hours]"
McDonald's,"Dallas, TX 75211",(214) 330-0795,https://www.google.com/maps?cid=17135196461107903034,"2747 Fort Worth Ave, Dallas, TX 75211","Friday:[6AM-12AM], Saturday:[Open 24 hours], Sunday:[4AM-11PM], Monday:[6AM-11PM], Tuesday:[6AM-11PM], Wednesday:[6AM-11PM], Thursday:[6AM-11PM]"
McDonald's,"Fort Worth, TX 76140",(817) 293-1672,https://www.google.com/maps?cid=9219738250773940862,"8651 South Fwy, Fort Worth, TX 76140","Friday:[Open 24 hours], Saturday:[Open 24 hours], Sunday:[Open 24 hours], Monday:[Open 24 hours], Tuesday:[Open 24 hours], Wednesday:[Open 24 hours], Thursday:[Open 24 hours]"
McDonald's,"Odessa, TX 79761",(432) 362-0283,https://www.google.com/maps?cid=16119180359796006693,"5900 E Interstate 20, Odessa, TX 79761","Friday:[Open 24 hours], Saturday:[Open 24 hours], Sunday:[Open 24 hours], Monday:[Open 24 hours], Tuesday:[Open 24 hours], Wednesday:[Open 24 hours], Thursday:[Open 24 hours]"
McDonald's,"Kerrville, TX 78028",(830) 792-5575,https://www.google.com/maps?cid=17377194695062499799,"2128 Sidney Baker St, Kerrville, TX 78028","Friday:[6AM-10PM], Saturday:[6AM-10PM], Sunday:[6AM-10PM], Monday:[6AM-10PM], Tuesday:[6AM-10PM], Wednesday:[6AM-10PM], Thursday:[6AM-10PM]"
McDonald's,"Fort Worth, TX 76110",(817) 921-6315,https://www.google.com/maps?cid=1818661887672015056,"700 E Berry St, Fort Worth, TX 76110","Friday:[5AM-12AM], Saturday:[5AM-12AM], Sunday:[6AM-12AM], Monday:[5AM-12AM], Tuesday:[5AM-12AM], Wednesday:[5AM-12AM], Thursday:[5AM-12AM]"
McDonald's,"Austin, TX 78741",(512) 444-9229,https://www.google.com/maps?cid=16621589155332527133,"2426 E Riverside Dr, Austin, TX 78741","Friday:[Open 24 hours], Saturday:[Open 24 hours], Sunday:[Open 24 hours], Monday:[Open 24 hours], Tuesday:[Open 24 hours], Wednesday:[Open 24 hours], Thursday:[Open 24 hours]"
McDonald's,"Leander, TX 78641",(512) 259-9055,https://www.google.com/maps?cid=1694826546572900435,"1445 N US Hwy 183, Leander, TX 78641","Friday:[5AM-12AM], Saturday:[5AM-12AM], Sunday:[5AM-12AM], Monday:[5AM-12AM], Tuesday:[5AM-12AM], Wednesday:[5AM-12AM], Thursday:[5AM-12AM]"
McDonald's,"Cleburne, TX 76031",(817) 558-0604,https://www.google.com/maps?cid=15678772257794276165,"1435 W Henderson St, Cleburne, TX 76031","Friday:[Open 24 hours], Saturday:[Open 24 hours], Sunday:[Open 24 hours], Monday:[Open 24 hours], Tuesday:[Open 24 hours], Wednesday:[Open 24 hours], Thursday:[Open 24 hours]"
McDonald's,"Irving, TX 75060",(972) 253-4492,https://www.google.com/maps?cid=15478902217717574620,"302 W Irving Blvd, Irving, TX 75060","Friday:[5AM-2AM], Saturday:[5AM-2AM], Sunday:[5AM-12AM], Monday:[5AM-12AM], Tuesday:[5AM-12AM], Wednesday:[5AM-12AM], Thursday:[5AM-12AM]"
McDonald's,"Odessa, TX 79764",(432) 337-9338,https://www.google.com/maps?cid=1372769872473327327,"1347 W University Blvd, Odessa, TX 79764","Friday:[5AM-12AM], Saturday:[5AM-12AM], Sunday:[5AM-11PM], Monday:[5AM-11PM], Tuesday:[5AM-11PM], Wednesday:[5AM-11PM], Thursday:[5AM-11PM]"
McDonald's,"Fort Worth, TX 76115",(817) 924-0421,https://www.google.com/maps?cid=4058160795321738954,"4800 South Fwy, Fort Worth, TX 76115","Friday:[5AM-12AM], Saturday:[Open 24 hours], Sunday:[4AM-1AM], Monday:[5AM-1AM], Tuesday:[5AM-1AM], Wednesday:[5AM-1AM], Thursday:[5AM-1AM]"
McDonald's,"Waco, TX 76710",(254) 772-2082,https://www.google.com/maps?cid=17798103549206963925,"1225 N Valley Mills Dr, Waco, TX 76710","Friday:[5AM-11PM], Saturday:[5AM-11PM], Sunday:[5AM-11PM], Monday:[5AM-11PM], Tuesday:[5AM-11PM], Wednesday:[5AM-11PM], Thursday:[5AM-11PM]"
McDonald's,"Dallas, TX 75206",(214) 369-6256,https://www.google.com/maps?cid=12248363627796196790,"5960 Greenville Ave, Dallas, TX 75206","Friday:[Open 24 hours], Saturday:[Open 24 hours], Sunday:[Open 24 hours], Monday:[Open 24 hours], Tuesday:[Open 24 hours], Wednesday:[Open 24 hours], Thursday:[Open 24 hours]"
McDonald's,"Gatesville, TX 76528",(254) 865-8884,https://www.google.com/maps?cid=3214176757830619182,"2302 Main St, Gatesville, TX 76528","Friday:[Open 24 hours], Saturday:[Open 24 hours], Sunday:[Open 24 hours], Monday:[Open 24 hours], Tuesday:[Open 24 hours], Wednesday:[Open 24 hours], Thursday:[Open 24 hours]"
McDonald's,"Fort Worth, TX 76107",(817) 735-1970,https://www.google.com/maps?cid=15026425114000174287,"3300 Hulen St, Fort Worth, TX 76107","Friday:[5AM-11PM], Saturday:[5AM-11PM], Sunday:[5AM-11PM], Monday:[5AM-11PM], Tuesday:[5AM-11PM], Wednesday:[5AM-11PM], Thursday:[5AM-11PM]"
McDonald's,"Burleson, TX 76028",(817) 295-3281,https://www.google.com/maps?cid=11347499720296086510,"986 N Burleson Blvd, Burleson, TX 76028","Friday:[4:30AM-12AM], Saturday:[4:30AM-12AM], Sunday:[4:30AM-11PM], Monday:[4:30AM-11PM], Tuesday:[4:30AM-11PM], Wednesday:[4:30AM-11PM], Thursday:[4:30AM-11PM]"
McDonald's,"Beeville, TX 78102",(361) 358-4770,https://www.google.com/maps?cid=7802153813236695926,"2301 N Saint Mary, Beeville, TX 78102","Friday:[5AM-12AM], Saturday:[Open 24 hours], Sunday:[4AM-11PM], Monday:[5AM-11PM], Tuesday:[5AM-11PM], Wednesday:[5AM-11PM], Thursday:[5AM-11PM]"
McDonald's,"Lubbock, TX 79423",(806) 745-7678,https://www.google.com/maps?cid=4849941472388921114,"2433 S Loop 289, Lubbock, TX 79423","Friday:[Open 24 hours], Saturday:[Open 24 hours], Sunday:[Open 24 hours], Monday:[Open 24 hours], Tuesday:[Open 24 hours], Wednesday:[Open 24 hours], Thursday:[Open 24 hours]"
McDonald's,"Abilene, TX 79601",(325) 672-1271,https://www.google.com/maps?cid=11465435962430160066,"1201 N Judge Ely Blvd, Abilene, TX 79601","Friday:[6AM-2AM], Saturday:[6AM-2AM], Sunday:[6AM-1AM], Monday:[6AM-1AM], Tuesday:[6AM-1AM], Wednesday:[6AM-1AM], Thursday:[6AM-1AM]"
McDonald's,"Lampasas, TX 76550",(512) 556-2202,https://www.google.com/maps?cid=12219733875994629405,"804 S Key Ave, Lampasas, TX 76550","Friday:[Open 24 hours], Saturday:[Open 24 hours], Sunday:[Open 24 hours], Monday:[Open 24 hours], Tuesday:[Open 24 hours], Wednesday:[Open 24 hours], Thursday:[Open 24 hours]"
McDonald's,"Round Rock, TX 78664",(512) 238-6002,https://www.google.com/maps?cid=3518116052242705662,"4700 E Palm Valley Blvd, Round Rock, TX 78664","Friday:[7AM-10PM], Saturday:[7AM-10PM], Sunday:[7AM-10PM], Monday:[7AM-10PM], Tuesday:[7AM-10PM], Wednesday:[7AM-10PM], Thursday:[7AM-10PM]"
McDonald's,"Austin, TX 78759",(512) 346-5440,https://www.google.com/maps?cid=9599176105709743130,"10732 Research Blvd, Austin, TX 78759","Friday:[5AM-11PM], Saturday:[5AM-11PM], Sunday:[5AM-11PM], Monday:[5AM-11PM], Tuesday:[5AM-11PM], Wednesday:[5AM-11PM], Thursday:[5AM-11PM]"
McDonald's,"Kerrville, TX 78028",(830) 896-7644,https://www.google.com/maps?cid=1892977231796030964,"600 Sidney Baker St, Kerrville, TX 78028","Friday:[6AM-12AM], Saturday:[6AM-12AM], Sunday:[6AM-11PM], Monday:[6AM-11PM], Tuesday:[6AM-11PM], Wednesday:[6AM-11PM], Thursday:[6AM-12AM]"
McDonald's,"Copperas Cove, TX 76522",(254) 547-8212,https://www.google.com/maps?cid=8142008231773995605,"1418 U.S. Hwy 190, Copperas Cove, TX 76522","Friday:[Open 24 hours], Saturday:[Open 24 hours], Sunday:[Open 24 hours], Monday:[Open 24 hours], Tuesday:[Open 24 hours], Wednesday:[Open 24 hours], Thursday:[Open 24 hours]"
McDonald's,"Fort Worth, TX 76132",(817) 294-9484,https://www.google.com/maps?cid=17272996054452090921,"5901 Bryant Irvin Rd, Fort Worth, TX 76132","Friday:[6AM-12AM], Saturday:[5AM-12AM], Sunday:[5AM-12AM], Monday:[5AM-12AM], Tuesday:[5AM-12AM], Wednesday:[5AM-12AM], Thursday:[5AM-12AM]"
McDonald's,"Fort Worth, TX 76103",(817) 535-0545,https://www.google.com/maps?cid=3818388896849780223,"4101 E Lancaster Ave, Fort Worth, TX 76103","Friday:[5AM-4AM], Saturday:[5AM-4AM], Sunday:[5AM-12AM], Monday:[5AM-12AM], Tuesday:[5AM-12AM], Wednesday:[5AM-12AM], Thursday:[5AM-12AM]"
McDonald's,"Del Rio, TX 78840",(830) 774-4505,https://www.google.com/maps?cid=9776391289372955660,"1701 Veterans Blvd, Del Rio, TX 78840","Friday:[4AM-1AM], Saturday:[4AM-1AM], Sunday:[4AM-12AM], Monday:[4AM-12AM], Tuesday:[4AM-12AM], Wednesday:[4AM-12AM], Thursday:[4AM-12AM]"
McDonald's,"San Angelo, TX 76903",(325) 653-1399,https://www.google.com/maps?cid=12182180178629634099,"610 W 29th St, San Angelo, TX 76903","Friday:[6AM-12AM], Saturday:[6AM-12AM], Sunday:[6AM-12AM], Monday:[6AM-12AM], Tuesday:[6AM-12AM], Wednesday:[6AM-12AM], Thursday:[6AM-12AM]"
McDonald's,"Burleson, TX 76028",(817) 295-6373,https://www.google.com/maps?cid=2793602994433083297,"911 SW Wilshire Blvd, Burleson, TX 76028","Friday:[5AM-12AM], Saturday:[5AM-12AM], Sunday:[5AM-12AM], Monday:[5AM-12AM], Tuesday:[5AM-12AM], Wednesday:[5AM-12AM], Thursday:[5AM-12AM]"
McDonald's,"Horizon City, TX 79928",(915) 852-5189,https://www.google.com/maps?cid=11053683368759794844,"13990 Horizon Blvd, Horizon City, TX 79928","Thursday:[5AM-4AM], Friday:[5AM-4AM], Saturday:[5AM-4AM], Sunday:[5AM-4AM], Monday:[5AM-4AM], Tuesday:[5AM-4AM], Wednesday:[5AM-4AM]"
McDonald's,"Odessa, TX 79762",(432) 367-1061,https://www.google.com/maps?cid=16683013079169310958,"4115 Andrews Hwy, Odessa, TX 79762","Friday:[5AM-12AM], Saturday:[5AM-12AM], Sunday:[5AM-11PM], Monday:[5AM-11PM], Tuesday:[5AM-11PM], Wednesday:[5AM-11PM], Thursday:[5AM-11PM]"
McDonald's,"Austin, TX 78704",(512) 442-0412,https://www.google.com/maps?cid=2142927458143177356,"1209 Barton Springs Rd, Austin, TX 78704","Friday:[7AM-9PM], Saturday:[7AM-9PM], Sunday:[7AM-9PM], Monday:[7AM-9PM], Tuesday:[7AM-9PM], Wednesday:[7AM-9PM], Thursday:[7AM-9PM]"
McDonald's,"Dallas, TX 75231",(214) 484-2837,https://www.google.com/maps?cid=1166492941811789566,"6950 Greenville Ave, Dallas, TX 75231","Friday:[Open 24 hours], Saturday:[Open 24 hours], Sunday:[Open 24 hours], Monday:[Open 24 hours], Tuesday:[Open 24 hours], Wednesday:[Open 24 hours], Thursday:[Open 24 hours]"
McDonald's,"Vernon, TX 76384",(940) 553-1881,https://www.google.com/maps?cid=15217869603434069574,"801 Hillcrest Dr, Vernon, TX 76384","Friday:[5AM-1AM], Saturday:[5AM-1AM], Sunday:[5AM-12AM], Monday:[5AM-12AM], Tuesday:[5AM-12AM], Wednesday:[5AM-12AM], Thursday:[5AM-12AM]"
McDonald's,"Arlington, TX 76015",(817) 465-5368,https://www.google.com/maps?cid=10153742947819698734,"4300 S Cooper St, Arlington, TX 76015","Friday:[6AM-1AM], Saturday:[6AM-1AM], Sunday:[6AM-1AM], Monday:[6AM-1AM], Tuesday:[6AM-1AM], Wednesday:[6AM-1AM], Thursday:[6AM-1AM]"
McDonald's,"Odessa, TX 79761",(432) 580-9940,https://www.google.com/maps?cid=8815479584274715472,"1800 E 8th St, Odessa, TX 79761","Friday:[5AM-12AM], Saturday:[5AM-12AM], Sunday:[5AM-11PM], Monday:[5AM-11PM], Tuesday:[5AM-11PM], Wednesday:[5AM-11PM], Thursday:[5AM-11PM]"
McDonald's,"Odessa, TX 79762",(432) 550-4560,https://www.google.com/maps?cid=2083246413552286435,"5141 E 42nd St, Odessa, TX 79762","Friday:[Open 24 hours], Saturday:[Open 24 hours], Sunday:[Open 24 hours], Monday:[Open 24 hours], Tuesday:[Open 24 hours], Wednesday:[Open 24 hours], Thursday:[Open 24 hours]"
McDonald's,"Lubbock, TX 79416",(806) 791-7701,https://www.google.com/maps?cid=18287438308543159372,"5201 4th St, Lubbock, TX 79416","Friday:[4AM-3AM], Saturday:[4AM-3AM], Sunday:[4AM-3AM], Monday:[4AM-3AM], Tuesday:[4AM-3AM], Wednesday:[4AM-3AM], Thursday:[4AM-3AM]"
McDonald's,"Austin, TX 78723",(512) 452-7473,https://www.google.com/maps?cid=17006595024941608136,"5355 Interregional Hwy, Austin, TX 78723","Friday:[Open 24 hours], Saturday:[Open 24 hours], Sunday:[Open 24 hours], Monday:[Open 24 hours], Tuesday:[Open 24 hours], Wednesday:[Open 24 hours], Thursday:[Open 24 hours]"
McDonald's,"Abilene, TX 79605",(325) 695-2616,https://www.google.com/maps?cid=9217580661049740855,"4302 Buffalo Gap Rd, Abilene, TX 79605","Friday:[Open 24 hours], Saturday:[Open 24 hours], Sunday:[Open 24 hours], Monday:[Open 24 hours], Tuesday:[Open 24 hours], Wednesday:[Open 24 hours], Thursday:[Open 24 hours]"
McDonald's,TX-114,(682) 831-9927,https://www.google.com/maps?cid=3409198868080234606,"15957 North Freeway, TX-114, Fort Worth, TX 76177","Friday:[5AM-12AM], Saturday:[5AM-12AM], Sunday:[5AM-12AM], Monday:[5AM-12AM], Tuesday:[5AM-12AM], Wednesday:[5AM-12AM], Thursday:[5AM-12AM]"
McDonald's,"Wichita Falls, TX 76301",(940) 767-1339,https://www.google.com/maps?cid=4735591364473763957,"1412 Holliday St, Wichita Falls, TX 76301","Friday:[5AM-1AM], Saturday:[5AM-1AM], Sunday:[5AM-12AM], Monday:[5AM-12AM], Tuesday:[5AM-12AM], Wednesday:[5AM-12AM], Thursday:[5AM-12AM]"
McDonald's,"Waco, TX 76708",(254) 836-0600,https://www.google.com/maps?cid=3192754309237191618,"10200 China Spring Rd, Waco, TX 76708","Friday:[5AM-11PM], Saturday:[5AM-11PM], Sunday:[5AM-11PM], Monday:[5AM-11PM], Tuesday:[5AM-11PM], Wednesday:[5AM-11PM], Thursday:[5AM-11PM]"
McDonald's,"Fort Worth, TX 76104",(817) 927-3683,https://www.google.com/maps?cid=2431764047856333282,"1500 S Main St, Fort Worth, TX 76104","Friday:[5AM-3AM], Saturday:[5AM-3AM], Sunday:[5AM-3AM], Monday:[5AM-3AM], Tuesday:[5AM-3AM], Wednesday:[5AM-3AM], Thursday:[5AM-3AM]"
McDonald's,"Burkburnett, TX 76354",(940) 569-0106,https://www.google.com/maps?cid=7374966609355333283,"819 Sheppard Rd, Burkburnett, TX 76354","Friday:[5AM-11PM], Saturday:[5AM-11PM], Sunday:[5AM-11PM], Monday:[5AM-11PM], Tuesday:[5AM-11PM], Wednesday:[5AM-11PM], Thursday:[5AM-11PM]"
McDonald's,"Lubbock, TX 79407",(806) 797-0422,https://www.google.com/maps?cid=8354283674467660614,"6001 19th St, Lubbock, TX 79407","Friday:[Open 24 hours], Saturday:[Open 24 hours], Sunday:[Open 24 hours], Monday:[Open 24 hours], Tuesday:[Open 24 hours], Wednesday:[Open 24 hours], Thursday:[Open 24 hours]"
McDonald's,"Wichita Falls, TX 76308",(940) 691-0525,https://www.google.com/maps?cid=1155053919238285319,"3103 Kemp Blvd, Wichita Falls, TX 76308","Friday:[5AM-1AM], Saturday:[5AM-1AM], Sunday:[5AM-1AM], Monday:[5AM-1AM], Tuesday:[5AM-1AM], Wednesday:[5AM-1AM], Thursday:[5AM-1AM]"
McDonald's,"Austin, TX 78704",(512) 707-6838,https://www.google.com/maps?cid=8372671705203615662,"710 E Ben White Blvd, Austin, TX 78704","Friday:[7AM-10PM], Saturday:[7AM-10PM], Sunday:[7AM-10PM], Monday:[7AM-10PM], Tuesday:[7AM-10PM], Wednesday:[7AM-10PM], Thursday:[7AM-10PM]"
McDonald's,"Austin, TX 78704",(512) 442-7717,https://www.google.com/maps?cid=18397279368405126346,"303 E Oltorf St, Austin, TX 78704","Friday:[5AM-2AM], Saturday:[5AM-2AM], Sunday:[5AM-2AM], Monday:[5AM-1AM], Tuesday:[5AM-1AM], Wednesday:[5AM-1AM], Thursday:[5AM-1AM]"
McDonald's,"Lubbock, TX 79423",(806) 698-6734,https://www.google.com/maps?cid=17425222397409515549,"4220 98th St, Lubbock, TX 79423","Friday:[6AM-12AM], Saturday:[6AM-12AM], Sunday:[6AM-11PM], Monday:[6AM-11PM], Tuesday:[6AM-11PM], Wednesday:[6AM-11PM], Thursday:[6AM-11PM]"
McDonald's,"Dallas, TX 75211",(214) 330-4873,https://www.google.com/maps?cid=3502144433498594468,"4223 W Illinois Ave, Dallas, TX 75211","Friday:[5AM-1AM], Saturday:[5AM-1AM], Sunday:[5AM-12AM], Monday:[5AM-12AM], Tuesday:[5AM-12AM], Wednesday:[5AM-12AM], Thursday:[5AM-12AM]"
McDonald's,1143 1,(512) 926-1234,https://www.google.com/maps?cid=9805384691487752421,"2, 1143 1, Airport Blvd, Austin, TX 78721","Friday:[Open 24 hours], Saturday:[Open 24 hours], Sunday:[5AM-1AM], Monday:[5AM-1AM], Tuesday:[5AM-1AM], Wednesday:[5AM-1AM], Thursday:[5AM-12AM]"
McDonald's,"New Boston, TX 75570",(903) 628-2499,https://www.google.com/maps?cid=11203076873201390283,"702 N McCoy Blvd, New Boston, TX 75570","Friday:[5AM-12AM], Saturday:[5AM-12AM], Sunday:[5AM-11PM], Monday:[5AM-11PM], Tuesday:[5AM-11PM], Wednesday:[5AM-11PM], Thursday:[5AM-11PM]"
McDonald's,"Lubbock, TX 79424",(806) 783-0898,https://www.google.com/maps?cid=5257731899542922132,"6511 82nd St, Lubbock, TX 79424","Friday:[Open 24 hours], Saturday:[Open 24 hours], Sunday:[Open 24 hours], Monday:[Open 24 hours], Tuesday:[Open 24 hours], Wednesday:[Open 24 hours], Thursday:[Open 24 hours]"
